date,pOpen,pHigh,pLow,pClose,pVolume,pSma_w,pEma_w,pSma_3,pEma_3,pSma_7,pEma_7,pSma_15,pEma_15,pSma_10,pEma_10,pSma_30,pEma_30,pSma_60,pEma_60,pSma_90,pEma_90,pK,pD,pMacd,pSignal,sOpen,sHigh,sLow,sBuzz,sVolume,SumSentiment,AvgSentiment,sClose,sentiment,sSma_w,sEma_w,sSma_3,sEma_3,sSma_7,sEma_7,sSma_15,sEma_15,sSma_10,sEma_10,sSma_30,sEma_30,sSma_60,sEma_60,sSma_90,sEma_90,sK,sD,sMacd,sSignal,pMacd_Hist,sMacd_Hist,match
23-09-2016,0,0,0,0,0,0,1.11970532,0,1.1198132,0,1.11993551,0,1.1206615,0,1.12029743,0,1.120368,0,1.119941,0,1.12144327,0,37.92148,-0.0000567436218,0.000458757073,4,4,4,10,0,4,4,4,4,4.8,4.631992,4.66666651,4.495117,4.857143,4.68138647,4.733333,4.75909233,4.6,4.717113,4.9666667,4.838923,4.9333334,4.87023,4.9,4.844193,42.8571434,51.9560623,-0.08913994,-0.1052288,-0.000515500666,0.0160888582,true
22-09-2016,1.12132764,1.12132764,1.12132764,1.12132764,0,1.11807156,1.11970532,1.11869848,1.1198132,1.12002933,1.11993551,1.12109,1.1206615,1.12093568,1.12029743,1.12289727,1.120368,1.11594284,1.119941,1.11805928,1.12144327,53.0038376,37.92148,-0.0000567436218,0.0006222195,0,0,0,0,0,0,0,0,0,5,4.94798756,5,4.99023438,5,4.90851545,4.8,4.867534,4.7,4.87647152,4.9666667,4.89677954,4.95,4.89972973,4.9,4.86316347,57.14286,54.9890327,-0.0214385986,-0.105644971,-0.000678963144,0.08420637,true
21-09-2016,1.11919427,1.11919427,1.11919427,1.11919427,0,1.11882854,1.11889422,1.11765361,1.11829865,1.12010121,1.11947143,1.12098956,1.12056637,1.12147892,1.12006843,1.122664,1.12030184,1.11576438,1.119894,1.11804724,1.12144589,34.5497856,32.8940277,-0.000147342682,0.000775814056,0,0,0,0,0,0,0,0,0,5,4.92198133,5,4.98046875,4.714286,4.878021,4.8,4.8486104,4.7,4.849021,4.9666667,4.889661,4.95,4.896331,4.87777758,4.86008835,57.14286,54.27109,-0.0365333557,-0.10463953,-0.000923156738,0.0681061745,true
20-09-2016,1.11557341,1.11557341,1.11557341,1.11557341,0,1.11993623,1.11874425,1.11661255,1.117403,1.12082016,1.11956382,1.120798,1.12076235,1.12200761,1.12026274,1.12265158,1.12037826,1.115651,1.11991775,1.118085,1.12149644,3.22863388,32.34211,-0.00004351139,0.000957568467,0,0,0,0,0,0,0,0,0,5,4.88297224,5,4.9609375,4.571429,4.837361,4.8,4.82698345,4.7,4.81547,4.9666667,4.88205147,4.95,4.89281654,4.9,4.856944,57.14286,53.3138351,-0.0552687645,-0.101834245,-0.0010010798,0.04656548,true
19-09-2016,1.118193,1.118193,1.118193,1.118193,0,1.12118781,1.12032974,1.11979234,1.11923265,1.12189412,1.120894,1.12077308,1.12150359,1.12292349,1.12130487,1.12253165,1.12070966,1.11551583,1.120065,1.11825871,1.1216296,25.8888817,42.0466042,0.000458359718,0.00112134882,0,0,0,0,0,0,0,0,0,4.6,4.8244586,5,4.921875,4.571429,4.783148,4.8,4.802267,4.7,4.77446365,4.9666667,4.873917,4.95,4.889183,4.9,4.85372925,57.14286,52.03749,-0.07837772,-0.09677246,-0.0006629891,0.0183947384,true
18-09-2016,0,0,0,0,0,0,1.12139809,0,1.1202724,0,1.12179422,0,1.12197649,0,1.1219964,0,1.12088323,0,1.12012839,0,1.12170684,0,47.43251,0.00082552433,0.00122936571,0,0,0,0,0,0,0,0,0,4.4,4.736688,5,4.84375,4.571429,4.71086359,4.8,4.77401924,4.7,4.72434473,5,4.865222,4.91666651,4.88542652,4.888889,4.85044241,57.14286,50.3357,-0.106733322,-0.0889042243,-0.000403841375,-0.0178290978,true
17-09-2016,0,0,0,0,0,0,1.12139809,0,1.1202724,0,1.12179422,0,1.12197649,0,1.1219964,0,1.12088323,0,1.12012839,0,1.12170684,0,47.43251,0.00082552433,0.00129658647,0,0,0,0,0,0,0,0,0,4.4,4.605032,4.33333349,4.68749952,4.571429,4.614485,4.8,4.74173641,4.7,4.663088,5,4.855927,4.91666651,4.88154268,4.9,4.84708166,57.14286,48.06665,-0.141372681,-0.07756832,-0.000471062143,-0.06380436,true
16-09-2016,1.11607134,1.11607134,1.11607134,1.11607134,0,1.12239456,1.12139809,1.1219722,1.1202724,1.123118,1.12179422,1.12083137,1.12197649,1.12262416,1.1219964,1.12221754,1.12088323,1.11523831,1.12012839,1.11840653,1.12170684,7.53588533,47.43251,0.00082552433,0.00136613846,0,0,0,0,0,0,0,0,0,4.4,4.407548,4,4.374999,4.571429,4.48597956,4.8,4.70484161,4.7,4.58821869,5.0333333,4.845991,4.883333,4.877527,4.911111,4.843645,57.14286,45.04125,-0.1835289,-0.0619713478,-0.0005406141,-0.121557549,true
15-09-2016,1.12511253,1.12511253,1.12511253,1.12511253,0,1.12379849,1.12406147,1.12389219,1.12447345,1.1243192,1.12370181,1.121098,1.12282014,1.12259936,1.12331307,1.12197,1.12121511,1.11516714,1.120266,1.11857021,1.12183344,85.7439,60.7313843,0.00149822235,0.00139481493,3,7,1,4,21,3,3,3,3,4.4,4.111322,4,3.749998,4.571429,4.31463957,4.8,4.66267633,4.7,4.49671173,5.0333333,4.83536959,4.883333,4.87337542,4.87777758,4.84013128,28.57143,41.0073776,-0.234665871,-0.04116249,0.000103407423,-0.19350338,true
14-09-2016,1.12473285,1.12473285,1.12473285,1.12473285,0,1.1241281,1.12353587,1.123597,1.12383437,1.124265,1.12323165,1.12134361,1.12249267,1.12207007,1.12291312,1.1215694,1.12094629,1.11536527,1.12010169,1.11871123,1.12175977,70.11732,52.39388,0.00141441822,0.00132061378,4,8,1,3,15,4,4,4,4,4.8,4.666983,4.66666651,4.499996,4.857143,4.752853,4.9333334,4.90020132,4.9,4.829314,5.133333,4.961947,4.95,4.93687963,4.888889,4.8814826,37.5,45.15269,-0.0928854942,-0.0140041243,0.00009380444,-0.07888137,true
13-09-2016,1.12183082,1.12183082,1.12183082,1.12183082,0,1.12407744,1.12293732,1.12304962,1.12293577,1.12290311,1.12273121,1.12148726,1.12217259,1.12122893,1.12250876,1.12125587,1.1206851,1.11550713,1.11994469,1.11890745,1.121693,48.77155,46.4860649,0.0013256073,0.00121560367,0,0,0,0,0,0,0,0,0,5,5.00047445,5,4.999992,5,5.00380373,4.9333334,5.02880144,5,5.01360655,5.1,5.02828836,4.95,4.96863842,4.9,4.90129137,50,47.7035866,-0.01238966,-0.001762761,0.000110003632,-0.0106268991,true
12-09-2016,1.124227,1.124227,1.124227,1.124227,0,1.12465787,1.12349057,1.1246928,1.12404072,1.1220448,1.12303126,1.12207937,1.12222147,1.12056577,1.12265944,1.12126851,1.12060606,1.11557579,1.1198808,1.11907935,1.12168992,58.2005577,45.7242355,0.00148844719,0.00117635727,0,0,0,0,0,0,0,0,0,5,5.000712,5,4.999984,5,5.00507164,4.9333334,5.032916,5,5.01663,5.1,5.030239,4.983333,4.967575,4.9,4.899073,50,46.9381142,-0.0112857819,0.00257417886,0.00031208992,-0.0138599612,true
11-09-2016,0,0,0,0,0,0,1.12312233,0,1.1238544,0,1.12263262,0,1.12193489,0,1.12231112,0,1.12035632,0,1.11973345,0,1.12163293,0,41.56546,0.00143051147,0.0011190176,0,0,0,0,0,0,0,0,0,5,5.00106764,5,4.99996758,5,5.006762,5.0666666,5.03761864,5,5.02032566,5.0666666,5.03232431,4.983333,4.966476,4.888889,4.89680529,50,45.9174843,-0.009712696,0.00807227,0.000311493874,-0.0177849662,true
10-09-2016,0,0,0,0,0,0,1.12312233,0,1.1238544,0,1.12263262,0,1.12193489,0,1.12231112,0,1.12035632,0,1.11973345,0,1.12163293,0,41.56546,0.00143051147,0.00106811523,0,0,0,0,0,0,0,0,0,5,5.0016017,5,4.999935,5,5.009016,5.2,5.04299259,5,5.02484274,5.0666666,5.03455353,4.9666667,4.96533966,4.87777758,4.89448643,44.4444466,44.5566444,-0.007563591,0.0149724744,0.00036239624,-0.0225360654,true
09-09-2016,1.12309074,1.12309074,1.12309074,1.12309074,0,1.12285244,1.12312233,1.124777,1.1238544,1.12141538,1.12263262,1.12262261,1.12193489,1.12005007,1.12231112,1.12103,1.12035632,1.11569858,1.11973345,1.11923563,1.12163293,45.9436378,41.56546,0.00143051147,0.00107993023,0,0,0,0,0,0,0,0,0,5,5.002403,5,4.999871,5,5.012021,5.2,5.04913425,5,5.03036356,5,5.03693676,5,4.96416473,4.87777758,4.892115,44.4444466,44.5940437,-0.00471019745,0.0235619023,0.000350581249,-0.0282721,true
08-09-2016,1.1267606,1.1267606,1.1267606,1.1267606,0,1.12139869,1.12313807,1.12532437,1.124618,1.12044823,1.12247992,1.1232928,1.12176979,1.11974812,1.1221379,1.120854,1.12016773,1.1157738,1.11961961,1.11942852,1.12160015,64.4239,40.1060677,0.00145149231,0.00112409063,0,0,0,0,0,0,0,0,0,5,5.00360441,5,4.99974155,5,5.016028,5.2,5.0561533,4.9,5.03711128,5,5.039484,4.983333,4.96294975,4.866667,4.889691,44.4444466,44.64391,-0.0009999275,0.0341824442,0.000327401678,-0.03518237,true
07-09-2016,1.12447989,1.12447989,1.12447989,1.12447989,0,1.12001085,1.1213268,1.12147093,1.12247562,1.11879671,1.1210531,1.12383842,1.1210568,1.11995161,1.12111068,1.12022972,1.11971307,1.11571765,1.11937749,1.11957884,1.12148416,46.9984474,32.0001259,0.00108361244,0.001243843,0,0,0,0,0,0,0,0,0,5,5.00540638,5,4.99948359,5,5.02137041,5.133333,5.064175,4.9,5.045358,5,5.04220724,4.91666651,4.961694,4.85555553,4.887212,44.4444466,44.7103958,0.003750801,0.0472408943,-0.000160230557,-0.0434900932,true
06-09-2016,1.12473285,1.12473285,1.12473285,1.12473285,0,1.118379,1.11975026,1.11858511,1.12047124,1.11802375,1.11991084,1.12419426,1.1205678,1.12019229,1.12036192,1.119616,1.11938429,1.11574721,1.11920452,1.11985183,1.12141681,48.27961,27.0006847,0.0008304119,0.00151252747,0,0,0,0,0,0,0,0,0,5,5.00810957,5,4.998967,5,5.028494,5.133333,5.073343,5.1,5.05543756,5,5.045118,4.883333,4.96039534,4.866667,4.88467741,44.4444466,44.7990456,0.009759426,0.07453421,-0.000682115555,-0.06477478,true
05-09-2016,1.11520016,1.11520016,1.11520016,1.11520016,0,1.11647248,1.11725891,1.11694777,1.11620951,1.11735785,1.11830354,1.12441421,1.11997283,1.12079,1.11939061,1.118767,1.11901546,1.11568248,1.11901712,1.12013316,1.1213423,1e-7,19.90771,0.000469326973,0.00189782516,0,0,0,0,0,0,0,0,0,5,5.01216459,5,4.99793434,4.857143,5.037992,5.133333,5.08382034,5.3,5.067757,5,5.048229,4.883333,4.959053,4.85555553,4.882086,44.4444466,44.917244,0.0172867775,0.108286329,-0.00142849819,-0.09099955,true
04-09-2016,0,0,0,0,0,0,1.11828828,0,1.11721873,0,1.119338,0,1.12065458,0,1.12032175,0,1.11927855,0,1.11914647,0,1.12148035,0,26.5436115,0.0009723902,0.0023232433,0,0,0,0,0,0,0,0,0,5,5.01824665,5,4.99586868,4.857143,5.050656,5.133333,5.09579468,5.3,5.082814,5,5.051555,4.9,4.957665,4.866667,4.879436,44.4444466,45.07484,0.0266428,0.127164945,-0.00135085313,-0.100522146,true
03-09-2016,0,0,0,0,0,0,1.11828828,0,1.11721873,0,1.119338,0,1.12065458,0,1.12032175,0,1.11927855,0,1.11914647,0,1.12148035,0,26.5436115,0.0009723902,0.00269276556,0,0,0,0,0,0,0,0,0,4.8,5.02737,5,4.991737,5.142857,5.067541,5.2,5.10947943,5.3,5.10121727,5,5.055111,4.883333,4.95622969,4.85555553,4.87672663,44.4444466,45.2849731,0.03819704,0.12678501,-0.00172037538,-0.08858797,true
02-09-2016,1.11582232,1.11582232,1.11582232,1.11582232,0,1.11724627,1.11828828,1.11732137,1.11721873,1.11930013,1.119338,1.12466383,1.12065458,1.12250745,1.12032175,1.11825192,1.11927855,1.115914,1.11914647,1.12055135,1.12148035,3.15098023,26.5436115,0.0009723902,0.00315694022,0,0,0,0,0,0,0,0,0,4.8,5.04105473,5,4.983474,5.428571,5.090055,5.2,5.125119,5.2,5.12371,5,5.058912,4.866667,4.954746,4.866667,4.87395668,44.4444466,45.56515,0.0523891449,0.124455929,-0.00218455,-0.0720667839,true
01-09-2016,1.11982083,1.11982083,1.11982083,1.11982083,0,1.11809611,1.11952126,1.117114,1.11861515,1.12088084,1.12050986,1.12470543,1.12134492,1.12423968,1.12132156,1.11765981,1.119517,1.11607289,1.11925912,1.12087226,1.12160754,23.40202,34.341156,0.00153684616,0.003634903,0,0,0,0,0,0,0,0,0,5.2,5.061582,4.66666651,4.966948,5.428571,5.12007332,5.266667,5.14299345,5.2,5.15120125,5,5.062975,4.866667,4.953212,4.87777758,4.87112427,44.4444466,45.93872,0.06974125,0.11967288,-0.002098057,-0.04993163,true
31-08-2016,1.11632061,1.11632061,1.11632061,1.11632061,0,1.11989117,1.11937153,1.11686337,1.11740935,1.1224364,1.12073946,1.12433934,1.1215626,1.12575221,1.121655,1.11709988,1.119496,1.1162684,1.11924,1.12104249,1.12164772,9.654885,37.9875336,0.00182795525,0.004080812,5,9,2,7,34,5,5,5,5,5.6,5.09237337,4.66666651,4.933896,5.428571,5.1600976,5.266667,5.163421,5.2,5.18480158,5,5.067318,4.883333,4.951626,4.866667,4.868228,44.4444466,46.4368134,0.09087467,0.123140439,-0.00225285674,-0.0322657675,true
30-08-2016,1.11520016,1.11520016,1.11520016,1.11520016,0,1.12200451,1.12089694,1.11811388,1.11849809,1.12472987,1.12221241,1.12450588,1.12231147,1.12710166,1.1228404,1.11659992,1.119715,1.11666059,1.119339,1.1212256,1.1217674,4.219675,47.4317474,0.0025292635,0.004481289,4,8,1,10,46,4,4,4,4,5.6,5.13856,5.33333349,4.867792,5.285714,5.21346331,5.33333349,5.186767,5.2,5.2258687,5,5.07196045,4.91666651,4.949986,4.866667,4.865267,33.3333359,47.1009369,0.116526127,0.125775129,-0.00195202557,-0.009249002,true
29-08-2016,1.119069,1.119069,1.119069,1.119069,0,1.12510657,1.12374532,1.12264574,1.12179589,1.12729335,1.12454987,1.12429082,1.12332737,1.12838483,1.1245383,1.11616564,1.12002635,1.1170013,1.1194793,1.12138844,1.121915,30.8806953,61.83577,0.00350177288,0.00475952355,5,8,2,8,29,5,5,5,5,5.8,5.70783949,6.33333349,5.73558426,5.428571,5.617951,5.266667,5.356305,5.4,5.498284,5.0333333,5.145889,4.9333334,4.9821887,4.87777758,4.884711,44.4444466,51.690136,0.2493906,0.127308533,-0.00125775067,0.12208207,true
28-08-2016,0,0,0,0,0,0,1.12608349,0,1.12452269,0,1.12637687,0,1.1239357,0,1.12575364,0,1.12009239,0,1.11949325,0,1.12197888,0,72.15413,0.004298091,0.00492970133,7,7,7,3,1,7,7,7,7,5.6,6.06175947,6.33333349,6.47116852,5.428571,5.82393456,5.266667,5.407206,5.4,5.60901356,5.0333333,5.15595,4.95,4.981585,4.866667,4.88212,66.66667,54.1053658,0.313528538,0.116100788,-0.0006316104,0.19742775,false
27-08-2016,0,0,0,0,0,0,1.12608349,0,1.12452269,0,1.12637687,0,1.1239357,0,1.12575364,0,1.12009239,0,1.11949325,0,1.12197888,0,72.15413,0.004298091,0.00501139974,7,10,2,5,3,7,7,7,7,5.2,5.59263945,5.66666651,5.942337,5.142857,5.43191242,5.0666666,5.179664,5.3,5.2999053,4.9666667,5.02877426,4.91666651,4.913164,4.85555553,4.83452749,66.66667,49.9182625,0.187194347,0.0887937546,-0.0007133088,0.09840059,false
26-08-2016,1.12007177,1.12007177,1.12007177,1.12007177,0,1.12776768,1.12608349,1.12525189,1.12452269,1.12956131,1.12637687,1.1236043,1.1239357,1.12837231,1.12575364,1.11578965,1.12009239,1.1172744,1.11949325,1.12147319,1.12197888,43.1770554,72.15413,0.004298091,0.00501969131,5,9,2,8,33,5,5,5,5,4.8,4.88895941,4.66666651,4.884674,5,4.909217,4.9333334,4.919616,5.1,4.92210627,4.9,4.89282751,4.883333,4.842424,4.83333349,4.78586531,44.4444466,44.33546,0.0232234,0.07527479,-0.0007216004,-0.0520513877,true
25-08-2016,1.1287955,1.1287955,1.1287955,1.1287955,0,1.13038218,1.12908936,1.128798,1.12897348,1.13095343,1.12847853,1.12284267,1.12448764,1.12800968,1.12701631,1.1152457,1.12009382,1.11754978,1.1194737,1.12149858,1.12202168,76.6159439,81.81315,0.00514996052,0.004906853,5,8,2,8,32,5,5,5,5,4.8,4.83343935,4.66666651,4.769348,5,4.878956,4.8,4.908133,5.2,4.9047966,4.9,4.885436,4.85,4.83708239,4.788889,4.781053,44.4444466,44.2991333,0.01723528,0.06823783,0.000243107323,-0.0510025546,true
24-08-2016,1.12688756,1.12688756,1.12688756,1.12688756,0,1.13161206,1.12923634,1.12999094,1.12915134,1.13084424,1.12837279,1.12179565,1.12387228,1.12656319,1.12662089,1.11468089,1.11949372,1.11732149,1.11915767,1.12149858,1.12186944,69.3606949,83.54555,0.00527405739,0.00459747855,4,8,1,6,26,4,4,4,4,5,4.750159,4.66666651,4.53869629,5.142857,4.838608,4.8,4.895009,5,4.88364029,4.9,4.877535,4.866667,4.83155966,4.788889,4.776133,33.3333359,44.2506943,0.009341717,0.0582635663,0.000676578842,-0.04892185,true
23-08-2016,1.13071012,1.13071012,1.13071012,1.13071012,0,1.13219774,1.13041079,1.13207662,1.131415,1.12970948,1.12886786,1.12102473,1.12344146,1.12575626,1.12656164,1.114122,1.11898386,1.11718345,1.11889565,1.12153554,1.12175667,83.89657,88.2738342,0.005550027,0.00416064262,5,9,1,6,26,5,5,5,5,5.2,5.125238,5,5.07739258,5.285714,5.118144,4.866667,5.02286768,5.1,5.08000469,4.9333334,4.93805456,4.866667,4.85974836,4.811111,4.79357433,44.4444466,47.8898163,0.100949287,0.0333721377,0.00138938427,0.06757715,true
22-08-2016,1.13237464,1.13237464,1.13237464,1.13237464,0,1.13166213,1.13026106,1.13348818,1.13211989,1.1276716,1.12825382,1.120458,1.122403,1.12388277,1.1256398,1.11332119,1.11817515,1.11689162,1.11849511,1.12159038,1.12155545,90.22616,89.73292,0.005432248,0.00364869181,5,8,1,10,38,5,5,5,5,5.4,5.187857,5.33333349,5.154785,5.428571,5.157525,4.866667,5.02613449,5,5.09778357,4.9333334,4.93378258,4.83333349,4.8549943,4.822222,4.78893566,44.4444466,49.0382729,0.11458683,0.01242929,0.0017835563,0.102157541,true
21-08-2016,0,0,0,0,0,0,1.12920427,0,1.13186526,0,1.12688017,0,1.12097847,0,1.12414312,0,1.11719584,0,1.11802459,0,1.12131238,0,89.5685043,0.005033374,0.00314982724,0,0,0,0,0,0,0,0,0,5.4,5.28178549,5.33333349,5.30957031,5.142857,5.21003342,4.866667,5.029868,5,5.11951351,4.9333334,4.929216,4.866667,4.850079,4.822222,4.78419256,44.4444466,50.56955,0.130326748,-0.0144821275,0.00188354659,0.144808874,true
20-08-2016,0,0,0,0,0,0,1.12920427,0,1.13186526,0,1.12688017,0,1.12097847,0,1.12414312,0,1.11719584,0,1.11802459,0,1.12131238,0,89.5685043,0.005033374,0.00269528222,6,8,4,4,4,6,6,6,6,5.6,5.42267847,5.66666651,5.61914063,5.142857,5.28004456,4.866667,5.034135,4.8,5.146072,4.9333334,4.924334,4.866667,4.844997,4.811111,4.779343,55.5555573,52.611248,0.148520947,-0.0373071022,0.00233809161,0.185828045,false
19-08-2016,1.1331445,1.1331445,1.1331445,1.1331445,0,1.12897587,1.12920427,1.13263524,1.13186526,1.12509382,1.12688017,1.11943769,1.12097847,1.12152231,1.12414312,1.11245668,1.11719584,1.11658692,1.11802459,1.12157571,1.12131238,93.15364,89.5685043,0.005033374,0.00221074955,5,8,2,6,23,5,5,5,5,5,5.13401747,5.33333349,5.23828125,4.857143,5.040059,4.8,4.896154,4.7,4.95631027,4.83333349,4.85015,4.83333349,4.80584431,4.8,4.75191259,44.4444466,51.62981,0.0677652359,-0.06589741,0.00282262429,0.133662641,true
18-08-2016,1.13494492,1.13494492,1.13494492,1.13494492,0,1.1256361,1.12723422,1.130931,1.13058615,1.12304735,1.1247921,1.11841583,1.11924052,1.11907268,1.12214279,1.111542,1.1160959,1.11622691,1.117512,1.12154067,1.12104654,100,88.37346,0.004372716,0.00171078579,6,10,3,5,22,6,6,6,6,5,5.20102644,5.66666651,5.4765625,4.857143,5.05341244,4.8,4.88131857,4.7,4.94660139,4.83333349,4.83981562,4.85,4.79926252,4.75555563,4.74633741,55.5555573,54.0249329,0.0655236244,-0.06749116,0.00266193016,0.133014783,false
17-08-2016,1.12981582,1.12981582,1.12981582,1.12981582,0,1.12151313,1.12337887,1.12559736,1.12622738,1.11976612,1.12140787,1.11662173,1.116997,1.11688709,1.11929786,1.11058366,1.11479592,1.115967,1.11692107,1.12146568,1.12073421,100,84.49794,0.003282547,0.00121288828,5,9,1,6,25,5,5,5,5,4.6,4.80154,4.66666651,4.953125,4.428571,4.73788357,4.733333,4.721507,4.6,4.712513,4.733333,4.759803,4.85,4.7585597,4.75555563,4.7181654,50,53.5147247,-0.0401091576,-0.06854364,0.0020696586,0.0284344852,true
16-08-2016,1.12803161,1.12803161,1.12803161,1.12803161,0,1.1193136,1.12016046,1.12114048,1.122639,1.11675954,1.11860526,1.115039,1.11516571,1.11543787,1.11696053,1.10991907,1.11376011,1.11573017,1.11648393,1.12142885,1.12053013,100,79.33058,0.00236558914,0.000822650036,6,9,3,6,24,6,6,6,6,4.6,4.70230961,4.66666651,4.90625,4.428571,4.65051126,4.733333,4.681722,4.6,4.648627,4.733333,4.7432375,4.8,4.75037527,4.74444437,4.711832,62.5,54.6863022,-0.07253313,-0.05757676,0.00154293911,-0.01495637,false
15-08-2016,1.11894369,1.11894369,1.11894369,1.11894369,0,1.11610246,1.11622488,1.11657333,1.11724615,1.11399043,1.11546314,1.113121,1.11332774,1.11485553,1.11450028,1.10920346,1.11277592,1.1154989,1.11609244,1.12142909,1.12036157,85.77122,72.44078,0.001342535,0.0005537404,3,6,1,7,22,3,3,3,3,4,4.05346441,4,3.8125,4.285714,4.20068169,4.66666651,4.49339676,4.5,4.34832144,4.766667,4.656564,4.766667,4.708015,4.72222233,4.682884,25,52.0817337,-0.214681149,-0.0427415632,0.0007887946,-0.171939582,true
14-08-2016,0,0,0,0,0,0,1.11486542,0,1.11554873,0,1.114303,0,1.11252546,0,1.11351287,0,1.11235058,0,1.11599576,0,1.1203934,0,67.9973,0.000942468643,0.0003985034,5,5,5,4,1,5,5,5,5,4.4,4.580197,4.66666651,4.625,4.571429,4.600909,4.8,4.70673943,4.7,4.64794827,4.8,4.77081,4.8,4.765914,4.74444437,4.72070169,50,61.10898,-0.087536335,-0.0118716024,0.00054396526,-0.07566473,true
13-08-2016,0,0,0,0,0,0,1.11486542,0,1.11554873,0,1.114303,0,1.11252546,0,1.11351287,0,1.11235058,0,1.11599576,0,1.1203934,0,67.9973,0.000942468643,0.000287718256,4,8,1,5,6,4,4,4,4,4.4,4.37029552,4,4.25,4.571429,4.4678793,4.8,4.664845,4.7,4.56971455,4.866667,4.755004,4.8,4.757979,4.733333,4.714425,37.5,64.81197,-0.127615929,0.00507609034,0.0006547504,-0.132692024,true
12-08-2016,1.1164453,1.1164453,1.1164453,1.1164453,0,1.11406779,1.11486542,1.11653161,1.11554873,1.11315417,1.114303,1.1118412,1.11252546,1.11466813,1.11351287,1.10907042,1.11235058,1.1155448,1.11599576,1.1216774,1.1203934,74.88258,67.9973,0.000942468643,0.0002032386,5,9,1,8,32,5,5,5,5,4.6,4.55544329,4.33333349,4.5,4.714286,4.623839,4.866667,4.759823,4.8,4.69631767,4.9,4.807073,4.8,4.78367329,4.77777767,4.73047972,50,73.91596,-0.07509804,0.0266336333,0.0007392301,-0.101731673,true
11-08-2016,1.11433029,1.11433029,1.11433029,1.11433029,0,1.1125083,1.11407542,1.11504185,1.11465216,1.11299407,1.11358893,1.11061525,1.11196542,1.11480534,1.11286128,1.10898757,1.11206818,1.11563981,1.11598051,1.12194252,1.12048209,67.3808746,65.70221,0.0006725788,0.000101778242,3,5,1,0,3,3,3,3,3,4.6,4.333165,4.33333349,3.99999952,4.714286,4.49845171,4.866667,4.72551155,4.8,4.628833,4.866667,4.793768,4.7833333,4.77634,4.77777767,4.724423,50,81.88795,-0.108791828,0.04244836,0.000570800563,-0.151240185,true
10-08-2016,1.11881852,1.11881852,1.11881852,1.11881852,0,1.11226022,1.113948,1.11318851,1.11497414,1.11411953,1.11334181,1.10986137,1.11162758,1.11417556,1.11253476,1.10886383,1.11191213,1.11573839,1.11603642,1.122231,1.12062037,85.96411,65.1426544,0.0005337,-0.0000166893,0,0,0,0,0,0,0,0,0,5,4.99974775,5,4.999999,5,4.997936,5,4.972013,5,4.99079561,5,4.917476,4.8166666,4.836555,4.8,4.763174,100,92.5172653,0.0534214973,0.0620162226,0.0005503893,-0.008594725,true
09-08-2016,1.111976,1.111976,1.111976,1.111976,0,1.11156142,1.11151266,1.10979807,1.11112976,1.11386955,1.11151624,1.10869479,1.11060023,1.112901,1.11113834,1.10864985,1.11143589,1.11580133,1.11594212,1.12243748,1.1206609,57.63319,58.20217,-0.000108361244,-0.000256962259,5,5,5,0,1,5,5,5,5,5,4.999622,5,4.99999762,5,4.9972477,5,4.96801472,5,4.98875,4.9666667,4.911785,4.8,4.83101463,4.8,4.757852,100,90.02302,0.0560512543,0.0634636357,0.000148601015,-0.00741238147,true
08-08-2016,1.10877037,1.10877037,1.10877037,1.10877037,0,1.11360788,1.111281,1.11016941,1.11028361,1.11470413,1.11136293,1.10804117,1.11040366,1.11162972,1.11095226,1.10849893,1.11139858,1.11612177,1.11607659,1.12275434,1.120856,44.36037,58.39183,-0.000229597092,-0.000540296256,0,0,0,0,0,0,0,0,0,5,4.99943256,5,4.999995,5,4.99633026,5,4.963445,5,4.98625,4.83333349,4.905701,4.7833333,4.82528639,4.788889,4.75241041,100,86.69736,0.0585927963,0.0643879548,0.000310699164,-0.00579515845,true
07-08-2016,0,0,0,0,0,0,1.11253643,0,1.11179686,0,1.11222708,0,1.110637,0,1.11143708,0,1.11157978,0,1.11632431,0,1.12112761,0,63.068985,-0.0000545978546,-0.0008101596,0,0,0,0,0,0,0,0,0,5,4.999149,5,4.999991,5,4.995107,5,4.958223,5,4.98319435,4.766667,4.89919758,4.8,4.819364,4.788889,4.74684668,100,82.2631454,0.0609836578,0.06463114,0.000755561749,-0.003647484,true
06-08-2016,0,0,0,0,0,0,1.11253643,0,1.11179686,0,1.11222708,0,1.110637,0,1.11143708,0,1.11157978,0,1.11632431,0,1.12112761,0,63.068985,-0.0000545978546,-0.00109946728,0,0,0,0,0,0,0,0,0,5,4.99872351,5,4.999982,5,4.99347639,5,4.952255,5,4.97946,4.766667,4.892246,4.7833333,4.813241,4.77777767,4.741158,100,76.35086,0.0631485,0.06400151,0.00104486942,-0.0008530095,true
05-08-2016,1.10864747,1.10864747,1.10864747,1.10864747,0,1.11526752,1.11253643,1.11235416,1.11179686,1.11459887,1.11222708,1.1079756,1.110637,1.11072743,1.11143708,1.10825813,1.11157978,1.11650062,1.11632431,1.12310684,1.12112761,43.85149,63.068985,-0.0000545978546,-0.00153895223,0,0,0,0,0,0,0,0,0,5,4.9980855,5,4.99996376,5,4.991302,5,4.945434,5,4.97489548,4.8,4.88481426,4.8,4.80691,4.74444437,4.73534155,100,68.46782,0.0649929047,0.06226693,0.00148435438,0.00272597373,true
04-08-2016,1.11308992,1.11308992,1.11308992,1.11308992,0,1.11710167,1.114481,1.11687458,1.11494637,1.114231,1.11342025,1.10764933,1.11092114,1.10966837,1.112057,1.10836339,1.111782,1.11686969,1.11658454,1.12343514,1.1214081,62.24519,69.4748154,0.0001821518,-0.00205295626,0,0,0,0,0,0,0,0,0,5,4.99712849,5,4.99992752,5,4.988403,4.866667,4.93763876,5,4.96931648,4.766667,4.87687063,4.7833333,4.80036449,4.75555563,4.729394,80,57.95709,0.06640196,0.0591473058,0.002235108,0.00725465268,true
03-08-2016,1.1153245,1.1153245,1.1153245,1.1153245,0,1.1160903,1.11517656,1.11820078,1.11680293,1.11225581,1.1135304,1.10756683,1.11061132,1.10866165,1.11182737,1.1091603,1.11169171,1.11728156,1.116703,1.123722,1.121595,71.49732,71.88469,0.0000293254852,-0.00265861885,0,0,0,0,0,0,0,0,0,5,4.99569273,5,4.999855,5,4.984537,4.866667,4.92873,5,4.962498,4.733333,4.868379,4.8,4.793597,4.733333,4.723313,57.14286,50.60945,0.0672345161,0.0543052368,0.00268794433,0.0129292794,true
02-08-2016,1.12220848,1.12220848,1.12220848,1.12220848,0,1.11423993,1.11510253,1.11903191,1.11828136,1.11003041,1.11293244,1.10722017,1.109938,1.10726142,1.11105025,1.1097579,1.11144114,1.11773288,1.11674976,1.123985,1.12173593,100,72.01382,-0.000393629074,-0.00324516837,0,0,0,0,0,0,0,0,0,5,4.99353933,5,4.99970961,5,4.97938251,4.733333,4.91854858,5,4.95416451,4.733333,4.85930157,4.8166666,4.78660059,4.72222233,4.71709538,57.14286,48.43165,0.06731892,0.0473350435,0.00285153929,0.0199838728,true
01-08-2016,1.11706877,1.11706877,1.11706877,1.11706877,0,1.10965085,1.11154962,1.11430681,1.11435413,1.10658014,1.10984039,1.10618532,1.108185,1.10525763,1.10857058,1.10988259,1.11069858,1.11798441,1.11656475,1.12416017,1.12172532,96.20865,62.68509,-0.00162875652,-0.00377898756,0,0,0,0,0,0,0,0,0,5,4.99030924,5,4.999419,5,4.97251,4.733333,4.906913,5,4.943979,4.766667,4.84959841,4.8,4.77936649,4.7,4.710738,50,45.52791,0.06644821,0.03775003,0.002150231,0.02869818,true
31-07-2016,0,0,0,0,0,0,1.10879,0,1.1116395,0,1.10743093,0,1.106916,0,1.10668206,0,1.11025929,0,1.1165477,0,1.12183,0,51.5105667,-0.00265836716,-0.00417557033,0,0,0,0,0,0,0,0,0,5,4.985464,5,4.99883842,5,4.96334648,4.866667,4.893615,5,4.93152952,4.83333349,4.839226,4.8,4.7718873,4.688889,4.704238,44.4444466,44.03721,0.0643701553,0.02496693,0.00151720317,0.0394032262,true
30-07-2016,0,0,0,0,0,0,1.10879,0,1.1116395,0,1.10743093,0,1.106916,0,1.10668206,0,1.11025929,0,1.1165477,0,1.12183,0,51.5105667,-0.00265836716,-0.00445775175,0,0,0,0,0,0,0,0,0,5,4.978196,5,4.99767733,5,4.951129,4.8,4.878417,4.8,4.916314,4.83333349,4.828138,4.8,4.764155,4.688889,4.697592,44.4444466,43.9014626,0.06078148,0.008287854,0.0017993846,0.0524936244,true
29-07-2016,1.117818,1.117818,1.117818,1.117818,0,1.10618663,1.10879,1.11064136,1.1116395,1.10457349,1.10743093,1.10547662,1.106916,1.10432947,1.10668206,1.110367,1.11025929,1.11833823,1.1165477,1.12439239,1.12183,100,51.5105667,-0.00265836716,-0.00470508449,0,0,0,0,0,0,0,0,0,5,4.967294,5,4.99535465,5,4.934839,4.9333334,4.86104774,4.8,4.897717,4.866667,4.816285,4.7833333,4.75616026,4.688889,4.690796,44.4444466,43.7204666,0.055316925,-0.01312134,0.00204671733,0.06843826,true
28-07-2016,1.1080333,1.1080333,1.1080333,1.1080333,0,1.10223424,1.10427606,1.10445654,1.10546088,1.102217,1.10396862,1.10466909,1.10535848,1.102923,1.1042074,1.1106931,1.109738,1.11871541,1.11650467,1.12451887,1.12192011,72.31722,35.3474236,-0.004009962,-0.004956219,0,0,0,0,0,0,0,0,0,5,4.950941,5,4.9907093,5,4.91311836,4.9333334,4.84119749,4.6,4.8749876,4.866667,4.803615,4.8,4.74789429,4.677778,4.68384743,44.4444466,43.47914,0.0475373268,-0.0176301524,0.0009462568,0.06516748,true
27-07-2016,1.10607231,1.10607231,1.10607231,1.10607231,0,1.101232,1.10239744,1.10169458,1.10288858,1.10137951,1.10261369,1.10454643,1.10497642,1.103305,1.1033572,1.11120546,1.10985553,1.11925316,1.11679184,1.12465489,1.1222322,58.10298,23.0241585,-0.00468063354,-0.00503485743,0,0,0,0,0,0,0,0,0,5,4.92641163,5,4.98141861,4.714286,4.884158,4.866667,4.81851149,4.6,4.847207,4.866667,4.79007149,4.8,4.73934841,4.65555573,4.676743,44.4444466,43.1573753,0.036916256,-0.0231286157,0.000354223885,0.06004487,true
26-07-2016,1.09926355,1.09926355,1.09926355,1.09926355,0,1.100282,1.10056,1.09902251,1.09970474,1.10162461,1.10146081,1.10480011,1.10481989,1.10371017,1.10275388,1.111878,1.11011648,1.11996949,1.11715519,1.12476516,1.12259531,8.749752,11.3312159,-0.005268812,-0.005012459,0,0,0,0,0,0,0,0,0,5,4.88961744,5,4.9628377,4.714286,4.84554434,5,4.79258442,4.8,4.813253,4.8,4.77559376,4.733333,4.73051262,4.66666651,4.669479,44.4444466,42.72835,0.0228233337,-0.00718397554,-0.000256353058,0.03000731,true
25-07-2016,1.09974706,1.09974706,1.09974706,1.09974706,0,1.10086346,1.10120821,1.10027552,1.100146,1.10226583,1.10219324,1.10528672,1.10561371,1.10445237,1.10352945,1.1125977,1.110865,1.12081575,1.11776173,1.12495112,1.12311959,12.2544918,12.1917038,-0.00524961948,-0.00494717248,0,0,0,0,0,0,0,0,0,4.6,4.8344264,5,4.92567539,4.428571,4.79405928,4.9333334,4.76295376,4.7,4.77175331,4.83333349,4.76011753,4.733333,4.72137737,4.66666651,4.66205168,44.4444466,42.15632,0.00450277328,0.0132715963,-0.000302447,-0.008768823,true
24-07-2016,0,0,0,0,0,0,1.10193884,0,1.10054493,0,1.10300863,0,1.10645175,0,1.10437,0,1.11163175,0,1.11837244,0,1.12364483,0,12.1707745,-0.005198002,-0.00488401763,0,0,0,0,0,0,0,0,0,4.6,4.75164,5,4.85135031,4.428571,4.72541237,4.66666651,4.72908974,4.9,4.72103167,4.8,4.74357367,4.75,4.71193266,4.66666651,4.65445757,44.4444466,41.39361,-0.01894617,0.0165610313,-0.00031398423,-0.0355072021,true
23-07-2016,0,0,0,0,0,0,1.10193884,0,1.10054493,0,1.10300863,0,1.10645175,0,1.10437,0,1.11163175,0,1.11837244,0,1.12364483,0,12.1707745,-0.005198002,-0.004826599,0,0,0,0,0,0,0,0,0,4.2,4.62745953,4.33333349,4.70270061,4.714286,4.63388348,4.5333333,4.690388,4.9,4.65903854,4.733333,4.725889,4.766667,4.70216751,4.66666651,4.64669275,44.4444466,40.37666,-0.04859972,0.0318317935,-0.000371403061,-0.08043151,true
22-07-2016,1.09805644,1.09805644,1.09805644,1.09805644,0,1.10247159,1.10193884,1.1008004,1.10054493,1.10399508,1.10300863,1.10630023,1.10645175,1.10512161,1.10437,1.11357617,1.11163175,1.12170076,1.11837244,1.12514043,1.12364483,1e-7,12.1707745,-0.005198002,-0.004744636,0,0,0,0,0,0,0,0,0,4.2,4.44118929,4.33333349,4.405401,4.571429,4.51184464,4.5333333,4.64615774,4.8,4.5832696,4.8,4.706985,4.766667,4.69207144,4.64444447,4.63875341,44.4444466,39.02073,-0.08574152,0.02823358,-0.000453365967,-0.1139751,true
21-07-2016,1.10302234,1.10302234,1.10302234,1.10302234,0,1.10361075,1.10388,1.102172,1.10303342,1.10571921,1.10465932,1.10736036,1.10765111,1.10588646,1.105773,1.114486,1.112568,1.12247825,1.11906111,1.12536323,1.12421989,12.4781351,16.2277,-0.004884362,-0.00471577374,3,6,1,7,30,3,3,3,3,4.6,4.1617837,3.66666675,3.8108027,4.857143,4.34912634,4.6,4.59560871,5,4.490663,4.8,4.686777,4.75,4.681633,4.66666651,4.63063574,22.2222233,37.212822,-0.131901264,0.0232302882,-0.000168588478,-0.155131549,true
20-07-2016,1.10132158,1.10132158,1.10132158,1.10132158,0,1.10537672,1.104309,1.10376036,1.10304451,1.1062423,1.10520494,1.10786664,1.10831237,1.10620368,1.10638416,1.11543679,1.11322629,1.12301373,1.11960483,1.12557745,1.12469625,1e-7,17.4775543,-0.00491857529,-0.004762014,5,8,1,2,9,5,5,5,5,4.8,4.7426753,4.33333349,4.6216054,5.142857,4.79883528,4.66666651,4.823553,5.1,4.82192135,4.83333349,4.803107,4.7833333,4.73863745,4.677778,4.66727924,44.4444466,42.2096863,0.014737606,0.0278195273,-0.000156561378,-0.0130819213,true
19-07-2016,1.1021713,1.1021713,1.1021713,1.1021713,0,1.1071372,1.10580266,1.10457075,1.10476756,1.10697341,1.10649943,1.10860515,1.109311,1.10705924,1.10750914,1.116721,1.11404729,1.12353837,1.1202246,1.125825,1.12522149,1e-7,23.3034058,-0.00471770763,-0.00480834628,3,6,1,4,19,3,3,3,3,5.2,4.61401272,5,4.243211,5,4.73178053,4.6,4.79834652,4.7,4.782348,4.866667,4.789528,4.7166667,4.729778,4.66666651,4.65980244,22.2222233,41.4647675,-0.00194883347,-0.01198011,0.00009063864,0.0100312764,true
18-07-2016,1.10778773,1.10778773,1.10778773,1.10778773,0,1.10803986,1.10761833,1.10779774,1.1073637,1.10747838,1.10794222,1.10895717,1.11033094,1.10749841,1.10869527,1.11783707,1.11486638,1.12399971,1.12083662,1.12611091,1.12573946,36.0307426,31.071209,-0.00447905064,-0.00487056049,5,9,1,5,14,5,5,5,5,5.6,5.421019,5.33333349,5.486421,5.571429,5.30904055,4.733333,5.055253,4.7,5.178426,4.9666667,4.91294336,4.766667,4.78841448,4.677778,4.69710159,44.4444466,47.87895,0.180418015,-0.0512915179,0.00039150985,0.23170954,true
17-07-2016,0,0,0,0,0,0,1.10753369,0,1.10693967,0,1.10799372,0,1.11069429,0,1.108897,0,1.11535454,0,1.121279,0,1.12614286,0,29.41803,-0.00468122959,-0.004959292,7,10,2,4,3,7,7,7,7,5.4,5.63152838,6,5.972842,5.428571,5.412054,4.8,5.06314659,4.7,5.218076,4.866667,4.90693951,4.75,4.781242,4.66666651,4.69029474,66.66667,49.02378,0.206923485,-0.078094855,0.0002780622,0.285018325,false
16-07-2016,0,0,0,0,0,0,1.10753369,0,1.10693967,0,1.10799372,0,1.11069429,0,1.108897,0,1.11535454,0,1.121279,0,1.12614286,0,29.41803,-0.00468122959,-0.005025559,4,8,1,5,7,4,4,4,4,5.4,4.94729233,5.33333349,4.94568443,4.571429,4.882739,4.8,4.78645325,4.6,4.822093,4.766667,4.76259041,4.7,4.70603,4.62222242,4.638391,33.3333359,43.1428146,0.0341076851,-0.0885434151,0.0003443295,0.1226511,true
15-07-2016,1.10375273,1.10375273,1.10375273,1.10375273,0,1.1077702,1.10753369,1.10857666,1.10693967,1.10725081,1.10799372,1.10854137,1.11069429,1.10821462,1.108897,1.118759,1.11535454,1.1243149,1.121279,1.12633443,1.12614286,16.4365768,29.41803,-0.00468122959,-0.005066779,7,10,3,7,33,7,7,7,7,5.4,5.42093849,5.33333349,5.891369,4.428571,5.17698574,4.866667,4.89880371,4.6,5.00478029,4.8,4.81518269,4.7166667,4.7299633,4.588889,4.65273666,66.66667,46.41264,0.118490696,-0.0779653639,0.000385549385,0.19645606,false
14-07-2016,1.11185241,1.11185241,1.11185241,1.11185241,0,1.10816073,1.10942423,1.10955393,1.11012661,1.10812581,1.10940742,1.10907781,1.111686,1.10923517,1.11004019,1.119854,1.11615467,1.12462485,1.12187314,1.126646,1.126646,76.87511,33.745182,-0.004460335,-0.00507340161,5,9,2,7,33,5,5,5,5,4.2,4.63140774,5.33333349,4.782738,4.142857,4.569314,4.8,4.598633,4.3,4.561398,4.733333,4.66450548,4.66666651,4.65301275,4.55555534,4.59998941,44.4444466,39.6612968,-0.08098364,-0.08595615,0.000613066833,0.00497251,true
13-07-2016,1.11012435,1.11012435,1.11012435,1.11012435,0,1.1070292,1.10821021,1.10774958,1.10840082,1.10737,1.10859251,1.11075437,1.11166227,1.10911167,1.1096375,1.11996233,1.11645138,1.12490726,1.12221289,1.12681234,1.12681234,24.1872234,19.3685417,-0.004938245,-0.005094422,4,8,1,5,24,4,4,4,4,3.8,4.44711161,5,4.56547642,4.285714,4.425752,4.8,4.54129457,4.3,4.463931,4.7,4.641368,4.7166667,4.64125061,4.55555534,4.59100056,33.3333359,38.0669136,-0.13077116,-0.0609656423,0.000156177208,-0.06980552,true
12-07-2016,1.10668445,1.10668445,1.10668445,1.10668445,0,1.10698,1.10725319,1.10627663,1.10667741,1.10805964,1.10808194,1.11229622,1.111882,1.10933924,1.10952938,1.12024486,1.11688769,1.125242,1.12262261,1.12700188,1.12700188,14.4836845,17.7623158,-0.005300522,-0.005004353,7,10,3,8,38,7,7,7,7,4,4.67066765,4,5.130953,4.285714,4.56766939,4.866667,4.6186223,4.5,4.56702662,4.7,4.68560028,4.733333,4.66298771,4.5666666,4.60428143,66.66667,39.64477,-0.09059811,-0.0168688037,-0.000296168961,-0.07372931,false
11-07-2016,1.10643947,1.10643947,1.10643947,1.10643947,0,1.10695541,1.10753763,1.10611343,1.10667038,1.10909867,1.10854781,1.11358058,1.11262441,1.10941577,1.11016154,1.12046206,1.11759138,1.12572479,1.12316287,1.12723553,1.12723553,13.79264,18.8551922,-0.00533556938,-0.00488826958,4,8,1,8,31,4,4,4,4,3.8,3.50600147,2.66666675,3.26190519,3.857143,3.75689268,4.6,4.27842569,4.5,4.02636576,4.633333,4.52598667,4.7,4.583767,4.54444456,4.550445,33.3333359,30.63747,-0.343459129,0.0283470675,-0.0004472998,-0.3718062,true
10-07-2016,0,0,0,0,0,0,1.10808671,0,1.10690129,0,1.10925055,0,1.113508,0,1.11098862,0,1.11836052,0,1.12372971,0,1.12747729,0,20.54271,-0.00527763367,-0.004768292,1,1,1,4,3,1,1,1,1,3.8,3.25900221,3,2.52381063,4,3.675857,4.733333,4.31820059,4.6,4.03222466,4.633333,4.56226158,4.7166667,4.60355568,4.55555534,4.56281471,1e-7,29.73885,-0.3557515,0.0969596952,-0.0005093417,-0.452711225,true
09-07-2016,0,0,0,0,0,0,1.10808671,0,1.10690129,0,1.10925055,0,1.113508,0,1.11098862,0,1.11836052,0,1.12372971,0,1.12747729,0,20.54271,-0.00527763367,-0.004654752,3,7,1,5,6,3,3,3,3,4.4,4.38850355,4.66666651,4.04762125,4.714286,4.56780958,4.9333334,4.792229,5.1,4.7060523,4.733333,4.80793476,4.766667,4.72571,4.588889,4.642878,22.2222233,39.6518,-0.0608119965,0.1491846,-0.0006228816,-0.2099966,true
08-07-2016,1.1057055,1.1057055,1.1057055,1.1057055,0,1.10865784,1.10808671,1.10725951,1.10690129,1.10969555,1.10925055,1.11525786,1.113508,1.10892677,1.11098862,1.12071753,1.11836052,1.126135,1.12372971,1.12747729,1.12747729,11.7221966,20.54271,-0.00527763367,-0.004541265,5,9,2,8,37,5,5,5,5,4.8,5.082755,5,5.0952425,5.285714,5.09041262,4.9333334,5.048262,5.3,5.085175,4.83333349,4.93262,4.8,4.784209,4.588889,4.6797967,44.4444466,45.4616547,0.112886429,0.168420047,-0.0007363688,-0.0555336177,true
07-07-2016,1.10619473,1.10619473,1.10619473,1.10619473,0,1.11030829,1.10927737,1.107545,1.10809708,1.110652,1.11043215,1.11671758,1.11462259,1.10953629,1.11216271,1.12091231,1.11923325,1.12653983,1.12434065,1.12773347,1.12773347,13.1022673,23.48288,-0.005052209,-0.00438315328,6,9,2,8,36,6,6,6,6,5,5.12413263,4.66666651,5.19048548,5.285714,5.12055,5.0666666,5.05515671,5.3,5.104103,4.8,4.92797327,4.7833333,4.77689362,4.588889,4.672601,55.5555573,45.800724,0.129310131,0.1565823,-0.0006690556,-0.0272721648,false
06-07-2016,1.109878,1.109878,1.109878,1.109878,0,1.11119282,1.11081862,1.110464,1.10999942,1.11083138,1.11184466,1.11786449,1.11582661,1.11261678,1.11348891,1.12135088,1.12013245,1.12690663,1.12495577,1.12798989,1.12798989,23.4921436,26.9430828,-0.00474083424,-0.004207081,4,8,1,8,37,4,4,4,4,5.2,4.68619871,4.33333349,4.380971,5.285714,4.8274,5,4.92017937,5,4.905015,4.8,4.85404062,4.7166667,4.735432,4.588889,4.642772,33.3333359,42.5491142,0.04657364,0.139195442,-0.0005337531,-0.0926218,true
05-07-2016,1.1065619,1.1065619,1.1065619,1.1065619,0,1.1116972,1.11128891,1.11182392,1.11012077,1.10964167,1.11250019,1.118956,1.11667645,1.11495411,1.11429131,1.12154162,1.1208396,1.12718368,1.125467,1.12820816,1.12820816,14.1379938,28.0933952,-0.00464952,-0.003949099,4,7,1,6,29,4,4,4,4,5.4,5.02929831,5,4.76194143,5.428571,5.1032,5,5.051634,5.2,5.10612965,4.8,4.91294,4.75,4.760362,4.6,4.65721655,33.3333359,45.62104,0.143930912,0.12629196,-0.0007004207,0.0176389515,true
04-07-2016,1.11495149,1.11495149,1.11495149,1.11495149,0,1.11187482,1.11365247,1.11317587,1.11367965,1.11039,1.11447954,1.11990857,1.11812139,1.11689293,1.116009,1.12179446,1.12182426,1.1275419,1.12610781,1.12847209,1.12847209,37.8039932,32.7451973,-0.00412762165,-0.00348190474,5,9,1,8,23,5,5,5,5,5.8,5.5439477,6,5.523883,5.571429,5.470933,5.133333,5.201867,5.2,5.35193634,4.866667,4.9759016,4.733333,4.786137,4.611111,4.67198563,44.4444466,49.71694,0.2661004,0.119298615,-0.0006457169,0.1468018,true
03-07-2016,0,0,0,0,0,0,1.1130029,0,1.11240768,0,1.1143223,0,1.11857426,0,1.116244,0,1.12229824,0,1.126486,0,1.128639,0,31.0589333,-0.00425577164,-0.00307269883,6,10,1,5,4,6,6,6,6,5.8,5.81592131,6,6.047766,5.285714,5.62791061,5.2,5.23070526,5,5.43014431,4.9,4.97424,4.7166667,4.77888775,4.6,4.66461468,55.5555573,51.47444,0.316344738,0.08601104,-0.0011830728,0.2303337,false
02-07-2016,0,0,0,0,0,0,1.1130029,0,1.11240768,0,1.1143223,0,1.11857426,0,1.116244,0,1.12229824,0,1.126486,0,1.128639,0,31.0589333,-0.00425577164,-0.00264925417,7,10,4,7,12,7,7,7,7,5.6,5.72388172,6,6.09553242,5.285714,5.5038805,4.9333334,5.120806,5.1,5.30350971,4.83333349,4.9034977,4.66666651,4.737494,4.577778,4.634606,66.66667,50.1140671,0.274054527,0.0535860062,-0.00160651747,0.220468521,false
01-07-2016,1.11395788,1.11395788,1.11395788,1.11395788,0,1.10919452,1.1130029,1.11232531,1.11240768,1.1135397,1.1143223,1.12085176,1.11857426,1.11855769,1.116244,1.12201941,1.12229824,1.12798083,1.126486,1.128639,1.128639,35.0011444,31.0589333,-0.00425577164,-0.00206106249,5,8,1,7,37,5,5,5,5,4.8,5.08582258,5.33333349,5.19106436,4.857143,5.00517368,4.733333,4.85234976,4.9,4.926512,4.766667,4.758911,4.616667,4.660799,4.54444456,4.581451,44.4444466,44.59653,0.114272594,0.04535993,-0.00219470914,0.06891267,true
30-06-2016,1.11061752,1.11061752,1.11061752,1.11061752,0,1.108763,1.11252546,1.110156,1.11085749,1.1162957,1.11444378,1.12161124,1.11923373,1.11992192,1.116752,1.12229264,1.12287343,1.12841988,1.12691057,1.12882257,1.12882257,25.578392,29.7448635,-0.00425624847,-0.00154936314,6,9,2,8,40,6,6,6,6,5,5.128734,5.33333349,5.38212872,4.571429,5.006898,4.733333,4.831257,4.8,4.910181,4.766667,4.7422843,4.616667,4.64930058,4.55555534,4.57204533,55.5555573,44.6472244,0.112307072,0.03420067,-0.00270688534,0.0781064,false
29-06-2016,1.11239994,1.11239994,1.11239994,1.11239994,0,1.11403942,1.1134795,1.10713351,1.11109757,1.118486,1.1157192,1.12300682,1.12046456,1.12120008,1.11811519,1.12261367,1.12371862,1.12891459,1.12746286,1.129053,1.129053,30.60637,31.133688,-0.00385463238,-0.0010933876,5,9,1,8,39,5,5,5,5,4.6,4.693101,4.33333349,4.764257,4.714286,4.675864,4.66666651,4.66429329,4.8,4.66799927,4.7,4.655545,4.6,4.603514,4.54444456,4.53995657,44.4444466,41.0111122,0.00634670258,0.0194599368,-0.00276124477,-0.0131132342,true
28-06-2016,1.10745,1.10745,1.10745,1.10745,0,1.11820936,1.11401927,1.10693347,1.10979509,1.12122881,1.11682558,1.1248368,1.1216166,1.122585,1.11938524,1.12295365,1.1244992,1.12933135,1.12797344,1.1292665,1.1292665,15.4047508,31.30946,-0.00346755981,-0.00067040656,5,8,1,8,38,5,5,5,5,4.2,4.53965139,4.66666651,4.528514,4.714286,4.56781864,4.6,4.616335,4.9,4.594221,4.733333,4.63178968,4.58333349,4.590074,4.54444456,4.52961874,44.4444466,39.86667,-0.0271716118,0.0229886379,-0.00279715331,-0.05016025,true
27-06-2016,1.10155,1.10155,1.10155,1.10155,0,1.12190938,1.11730385,1.1167835,1.11214018,1.12410736,1.11995077,1.12671685,1.12364042,1.123925,1.12203753,1.12374532,1.125675,1.1298821,1.12866914,1.12954974,1.12954974,1e-7,36.61103,-0.002418995,-0.000339428574,3,6,1,9,38,3,3,3,3,4.6,4.309477,4.33333349,4.05702734,4.571429,4.42375851,4.5333333,4.56152534,4.6,4.504048,4.733333,4.60639572,4.55,4.576178,4.54444456,4.519048,22.2222233,38.340744,-0.06955767,0.0158450864,-0.00207956624,-0.08540276,true
26-06-2016,0,0,0,0,0,0,1.12518084,0,1.12273026,0,1.12608445,0,1.12679625,0,1.12659037,0,1.12733877,0,1.12958848,0,1.12991822,0,48.8147049,-0.000444769859,-0.00012495782,6,10,1,3,2,6,6,6,6,5,4.96421528,4.33333349,5.11405468,5,4.89834452,4.66666651,4.78460026,4.7,4.83828068,4.66666651,4.71718168,4.6,4.62960768,4.55555534,4.553184,55.5555573,43.7135849,0.08099079,-0.004816267,-0.000319812039,0.0858070552,false
25-06-2016,0,0,0,0,0,0,1.12518084,0,1.12273026,0,1.12608445,0,1.12679625,0,1.12659037,0,1.12733877,0,1.12958848,0,1.12991822,0,48.8147049,-0.000444769859,-0.0001298454,4,8,1,4,4,4,4,4,4,4.6,4.446323,4.66666651,4.228109,5,4.531126,4.5333333,4.61097145,4.6,4.58012056,4.633333,4.628711,4.58333349,4.58315372,4.5333333,4.52067137,33.3333359,39.7662621,-0.0334877968,-0.01980453,-0.000314924459,-0.0136832669,true
24-06-2016,1.11179972,1.11179972,1.11179972,1.11179972,0,1.12791932,1.12518084,1.12735,1.12273026,1.12722886,1.12608445,1.128977,1.12679625,1.12668,1.12659037,1.1247437,1.12733877,1.13053119,1.12958848,1.12991822,1.12991822,1e-7,48.8147049,-0.000444769859,-0.000151236847,3,6,1,6,32,3,3,3,3,5,4.66948462,5,4.456218,4.714286,4.708168,4.5333333,4.698253,4.7,4.70903635,4.7,4.6720705,4.6,4.60292149,4.54444456,4.532372,22.2222233,41.9105721,0.0245194435,-0.0160206687,-0.000293533027,0.040540114,true
23-06-2016,1.137,1.137,1.137,1.137,0,1.13107932,1.13187134,1.13206673,1.13366067,1.12929308,1.130846,1.13063037,1.12893867,1.128035,1.12987721,1.12537694,1.12841046,1.13097119,1.13019145,1.13015985,1.13015985,84.99975,65.08627,0.00103795528,-0.000145143931,7,10,3,7,37,7,7,7,7,5.6,5.504227,5.33333349,5.912436,4.857143,5.27755737,4.733333,4.94086075,4.8,5.08882236,4.8,4.78738546,4.633333,4.657258,4.54444456,4.56680727,66.66667,48.4733543,0.200019836,-0.0222711563,0.00118309923,0.222291,false
22-06-2016,1.13324988,1.13324988,1.13324988,1.13324988,0,1.1283592,1.129307,1.13026667,1.13032138,1.12698591,1.12879467,1.1291703,1.12778711,1.12748992,1.12829435,1.12540352,1.12781811,1.13100278,1.12996066,1.13006735,1.13006735,73.332756,58.4484444,0.000349521637,-0.000300327927,5,9,1,6,30,5,5,5,5,4.6,4.7563405,5,4.824872,4.571429,4.70341,4.5333333,4.646698,4.5,4.66411638,4.733333,4.63479137,4.5666666,4.577843,4.51111126,4.512129,44.4444466,42.4089165,0.0138392448,-0.05255143,0.000649849535,0.06639068,true
21-06-2016,1.12595,1.12595,1.12595,1.12595,0,1.1269592,1.12733567,1.12838328,1.12739289,1.12639308,1.12730968,1.12819362,1.12700677,1.12814987,1.12719309,1.12570834,1.12744355,1.13109887,1.1298492,1.13002384,1.13002384,43.8382034,53.4870071,-0.000152468681,-0.000312911143,4,8,1,9,43,4,4,4,4,4.4,4.63451052,5.33333349,4.649744,4.571429,4.60454655,4.6,4.596226,4.5,4.58947563,4.7,4.60960436,4.6,4.563533,4.5,4.50116539,33.3333359,41.7304077,-0.0203595161,-0.0564962476,0.000160442461,0.03613673,true
20-06-2016,1.1315999,1.1315999,1.1315999,1.1315999,0,1.12593925,1.12802851,1.12753332,1.1288358,1.12630737,1.12776291,1.12734365,1.12715769,1.12911987,1.1274693,1.12608671,1.12754655,1.13129914,1.1299814,1.13008034,1.13008034,69.04279,56.7032738,-0.0000478029251,-0.000279042462,6,9,2,10,38,6,6,6,6,4.6,4.951766,4.66666651,5.29948759,4.571429,4.80606174,4.6,4.68140125,4.5,4.72047,4.733333,4.651646,4.6,4.582636,4.51111126,4.51242733,55.5555573,44.5294342,0.03810501,-0.0493963547,0.000231239537,0.08750136,false
19-06-2016,0,0,0,0,0,0,1.12624288,0,1.12607169,0,1.12648392,0,1.126523,0,1.12655139,0,1.127267,0,1.12992656,0,1.13005888,0,52.5901,-0.0004887581,-0.0002568033,6,10,2,3,6,6,6,6,6,4.4,4.427649,4,4.598975,4.285714,4.40808249,4.6,4.49303,4.3,4.43613,4.5666666,4.558656,4.5666666,4.53459,4.477778,4.47899866,55.5555573,40.85406,-0.0914635658,-0.0509290174,-0.0002319548,-0.04053455,false
18-06-2016,0,0,0,0,0,0,1.12624288,0,1.12607169,0,1.12648392,0,1.126523,0,1.12655139,0,1.127267,0,1.12992656,0,1.13005888,0,52.5901,-0.0004887581,-0.000185569123,2,4,1,3,3,2,2,2,2,4,3.64147377,3.66666675,3.19795036,4.142857,3.87744331,4.6,4.27774858,4.3,4.0886035,4.5666666,4.45925331,4.5333333,4.484915,4.44444466,4.444819,12.5,35.9535637,-0.255509853,-0.0295182336,-0.000303188979,-0.225991622,true
17-06-2016,1.1276,1.1276,1.1276,1.1276,0,1.12543929,1.12624288,1.12575,1.12607169,1.12630022,1.12648392,1.126177,1.126523,1.12950492,1.12655139,1.12631011,1.127267,1.13140523,1.12992656,1.13005888,1.13005888,54.03365,52.5901,-0.0004887581,-0.00008406904,4,7,1,5,27,4,4,4,4,4.4,4.46221066,4.66666651,4.39590073,4.428571,4.50325775,4.733333,4.60314131,4.5,4.55273771,4.633333,4.628857,4.5666666,4.569149,4.5,4.49975872,37.5,43.77142,-0.05390358,0.020865282,-0.000404689054,-0.07476886,true
16-06-2016,1.1234,1.1234,1.1234,1.1234,0,1.12498927,1.12556434,1.1235,1.12454343,1.12805021,1.12611187,1.12510693,1.12636924,1.130405,1.12631834,1.12673831,1.127244,1.13143194,1.13000548,1.130094,1.130094,41.87272,52.1089172,-0.000637292862,-0.000014768706,5,8,2,4,21,5,5,5,5,4.6,4.693316,4.66666651,4.79180145,4.428571,4.67101,4.8,4.68930435,4.7,4.675568,4.633333,4.67222643,4.55,4.58844233,4.51111126,4.510989,50,45.8618927,0.0005669594,0.03961701,-0.0006225242,-0.03905005,true
15-06-2016,1.12624991,1.12624991,1.12624991,1.12624991,0,1.12661922,1.12664652,1.1254,1.12568688,1.1298002,1.12701583,1.124837,1.12679338,1.129575,1.12696683,1.12730169,1.12750912,1.13137984,1.13022935,1.13019109,1.13019109,51.9431534,55.5209846,-0.0003899336,-0.00006417433,5,9,2,6,29,5,5,5,5,4.4,4.539974,4.33333349,4.58360338,4.571429,4.56134653,4.8,4.6449194,4.6,4.603472,4.633333,4.64962149,4.483333,4.574491,4.5,4.5,50,44.48252,-0.0317349434,0.06297477,-0.000325759262,-0.09470972,true
14-06-2016,1.12085,1.12085,1.12085,1.12085,0,1.12933934,1.12684476,1.1251,1.125124,1.1311146,1.12727118,1.12412691,1.126871,1.12880993,1.12712622,1.12806165,1.1275959,1.1312089,1.1303643,1.130249,1.130249,32.86211,56.7135963,-0.000358700752,-0.00026437972,4,7,1,6,32,4,4,4,4,4.2,4.30996132,4.33333349,4.167207,4.428571,4.41512871,4.733333,4.59419346,4.7,4.515355,4.6,4.62545729,4.4666667,4.560067,4.494382,4.494382,37.5,42.643364,-0.07250261,0.08055862,-0.00009432103,-0.153061241,true
13-06-2016,1.1291,1.1291,1.1291,1.1291,0,1.1322993,1.12984216,1.12866652,1.12939811,1.13336456,1.12941158,1.12368023,1.12773108,1.128045,1.128521,1.12903512,1.12806118,1.13112807,1.13068676,1.13038933,1.13038933,62.014,64.66409,0.000236272812,-0.0006196366,4,7,1,9,40,4,4,4,4,4.6,4.464942,4.33333349,4.334414,4.714286,4.553505,4.866667,4.679078,4.9,4.62987852,4.733333,4.66859245,4.483333,4.57905245,4.5,4.5,37.5,44.35782,-0.0216641426,0.113143392,0.0008559094,-0.134807527,true
12-06-2016,0,0,0,0,0,0,1.13021326,0,1.12969613,0,1.12951541,0,1.12753558,0,1.12839234,0,1.12798953,0,1.13074052,0,1.13040888,0,65.5474548,0.000152349472,-0.00104100176,0,0,0,0,0,0,0,0,0,4.6,4.697413,4.33333349,4.668828,4.714286,4.73800659,4.9333334,4.776089,4.9,4.76985168,4.766667,4.714702,4.5,4.59868145,4.50574732,4.50574732,50,46.64376,0.0435395241,0.130461425,0.00119335123,-0.0869219,true
11-06-2016,0,0,0,0,0,0,1.13021326,0,1.12969613,0,1.12951541,0,1.12753558,0,1.12839234,0,1.12798953,0,1.13074052,0,1.13040888,0,65.5474548,0.000152349472,-0.001453042,4,6,2,3,4,4,4,4,4,4.8,4.546119,4.66666651,4.337656,4.857143,4.650676,4.66666651,4.744102,4.9,4.71870756,4.766667,4.6950264,4.5,4.58507729,4.5,4.5,37.5,45.5250168,0.0243110657,0.12804164,0.0016053915,-0.103730574,true
10-06-2016,1.12534988,1.12534988,1.12534988,1.12534988,0,1.13356936,1.13021326,1.13225,1.12969613,1.13136458,1.12951541,1.12318683,1.12753558,1.126545,1.12839234,1.12982678,1.12798953,1.13092291,1.13074052,1.13040888,1.13040888,48.7628365,65.5474548,0.000152349472,-0.00206583086,4,8,1,5,28,4,4,4,4,4.8,4.81917858,4.66666651,4.675312,5.142857,4.867568,4.733333,4.85040236,5,4.87842035,4.8,4.7429595,4.516667,4.60491037,4.50588226,4.50588226,37.5,48.20002,0.101233482,0.13440387,0.00221818034,-0.0331703871,true
09-06-2016,1.13155,1.13155,1.13155,1.13155,0,1.13581932,1.13264489,1.13568342,1.1340425,1.1304003,1.13090384,1.12297356,1.12784779,1.125165,1.12906837,1.13047171,1.12817156,1.13080215,1.13092327,1.13048673,1.13048673,70.671196,71.14233,0.0004247427,-0.00268295081,6,9,2,5,26,6,6,6,6,5.2,5.228768,5.33333349,5.350624,5.142857,5.15675735,4.866667,4.97188854,5,5.073625,4.8,4.794198,4.516667,4.625416,4.51190472,4.51190472,62.5,51.7666931,0.19794178,0.129256308,0.00310769351,0.06868547,false
08-06-2016,1.13985,1.13985,1.13985,1.13985,0,1.13252938,1.13319242,1.13698339,1.13653493,1.12777889,1.13068843,1.12222016,1.12731886,1.123945,1.12851691,1.13059175,1.12793863,1.1306479,1.130902,1.13047,1.13047,100,71.29937,0.000134944916,-0.003366722,4,7,1,5,28,4,4,4,4,5.2,4.84315157,4.66666651,4.701248,5,4.87567663,4.866667,4.82501554,5,4.867764,4.766667,4.711039,4.4666667,4.57881975,4.493976,4.493976,37.5,48.1889267,0.114861965,0.109492935,0.003501667,0.00536903,true
07-06-2016,1.13564992,1.13564992,1.13564992,1.13564992,0,1.12827933,1.12986362,1.13590014,1.13321984,1.12410033,1.12763453,1.12107015,1.12552869,1.12152,1.1259985,1.13035667,1.12711716,1.130377,1.13059878,1.13032115,1.13032115,96.2072,61.73249,-0.00108194351,-0.00399438525,6,9,3,7,36,6,6,6,6,5.2,5.264727,5.33333349,5.402497,5.142857,5.16756868,4.9333334,4.942875,5.1,5.06060028,4.766667,4.760076,4.483333,4.59844065,4.5,4.5,62.5,51.7519,0.210786819,0.105301328,0.00291244173,0.105485491,false
06-06-2016,1.13545,1.13545,1.13545,1.13545,0,1.12378943,1.12697041,1.12905014,1.13078976,1.12065744,1.12496281,1.12077343,1.1240828,1.1193701,1.1238538,1.13016331,1.12652874,1.130248,1.1304276,1.1302352,1.1302352,95.40914,50.24092,-0.002191782,-0.004457593,4,8,1,10,40,4,4,4,4,5,4.89709044,5.33333349,4.80499363,4.857143,4.89009142,4.8,4.79185724,4.6,4.851845,4.633333,4.674564,4.483333,4.55093,4.48148155,4.48148155,37.5,48.1691971,0.12651968,0.07579342,0.002265811,0.0507262573,true
05-06-2016,0,0,0,0,0,0,1.12273061,0,1.12612951,0,1.12146711,0,1.12245893,0,1.12127686,0,1.1259135,0,1.13025737,0,1.13014972,0,35.184845,-0.003556013,-0.004797485,6,9,3,4,4,6,6,6,6,5.2,5.345636,5.33333349,5.60998726,5.142857,5.18678856,4.866667,4.90497971,4.7,5.04114342,4.7,4.72108555,4.5,4.569606,4.4875,4.4875,62.5,51.7255936,0.220760345,0.0483412743,0.00124147208,0.172419071,false
04-06-2016,0,0,0,0,0,0,1.12273061,0,1.12612951,0,1.12146711,0,1.12245893,0,1.12127686,0,1.1259135,0,1.13025737,0,1.13014972,0,35.184845,-0.003556013,-0.00498579629,6,9,3,5,3,6,6,6,6,4.8,5.018454,5,5.219975,5,4.915718,4.5333333,4.748548,4.7,4.828064,4.6,4.6328845,4.483333,4.52111769,4.468354,4.468354,62.5,48.1341248,0.134198189,0.0465385653,0.00142978318,0.08765963,false
03-06-2016,1.1366,1.1366,1.1366,1.1366,0,1.11951947,1.12273061,1.12343335,1.12612951,1.11835742,1.12146711,1.1205101,1.12245893,1.117995,1.12127686,1.12987173,1.1259135,1.1301223,1.13025737,1.13014972,1.13014972,100,35.184845,-0.003556013,-0.00509944232,4,7,1,10,47,4,4,4,4,4.8,4.52768135,4.66666651,4.43995,4.285714,4.554291,4.5333333,4.56976938,4.7,4.56763363,4.5333333,4.53860044,4.45,4.470986,4.448718,4.448718,37.5,43.3454971,0.0217614174,0.05487384,0.00154342921,-0.03311242,true
02-06-2016,1.1151,1.1151,1.1151,1.1151,0,1.11450934,1.11579585,1.11563337,1.115659,1.11535752,1.11642277,1.12012339,1.12043881,1.11655009,1.11787164,1.12939668,1.12517655,1.13004231,1.13004231,1.13004231,1.13004231,17.7947216,13.5797911,-0.005362749,-0.00519863749,5,8,1,10,41,5,5,5,5,5,4.791522,4.66666651,4.8799,4.428571,4.73905468,4.5333333,4.651165,4.8,4.693774,4.5,4.575745,4.45,4.48695135,4.4545455,4.4545455,50,45.294,0.0815711,0.0647145361,-0.000164111611,0.0168565661,true
01-06-2016,1.11859989,1.11859989,1.11859989,1.11859989,0,1.11535943,1.11614382,1.1153,1.11621785,1.11522174,1.11686373,1.12163675,1.12120152,1.11706507,1.1184876,1.12985337,1.12587154,1.13029563,1.13029563,1.13029563,1.13029563,26.8568268,12.1748142,-0.00540173054,-0.005029016,5,8,2,5,18,5,5,5,5,4.2,4.687283,5,4.75979948,4.571429,4.652073,4.4666667,4.60133171,4.7,4.62572432,4.4666667,4.54648638,4.4333334,4.46955967,4.44736862,4.44736862,50,43.7253342,0.0549054146,0.0537072271,-0.000372714363,0.00119818747,true
31-05-2016,1.1132,1.1132,1.1132,1.1132,0,1.11475945,1.11491573,1.11295009,1.11383581,1.1156646,1.11628509,1.12322342,1.12157321,1.117465,1.11846268,1.13024,1.126373,1.13049722,1.13049722,1.13049722,1.13049722,5.34839344,7.2808094,-0.00572919846,-0.00474558957,4,8,1,6,25,4,4,4,4,4.2,4.53092432,5,4.519599,4.714286,4.53609753,4.4666667,4.544379,4.7,4.542552,4.4666667,4.51520967,4.45,4.45157862,4.44,4.44,37.5,41.6337776,0.0200715065,0.0388766937,-0.0009836089,-0.0188051872,true
30-05-2016,1.1141,1.1141,1.1141,1.1141,0,1.11494946,1.11577356,1.11500013,1.11447167,1.11694312,1.11731339,1.12483,1.12276936,1.119265,1.11963212,1.13098836,1.12728155,1.13080072,1.13080072,1.13080072,1.13080072,8.26584,7.924948,-0.00551402569,-0.004366848,6,9,2,8,23,6,6,6,6,4.6,4.79638624,4,5.0391984,4.857143,4.714797,4.4666667,4.62214756,4.4,4.663119,4.5,4.550741,4.4666667,4.46688652,4.44594574,4.44594574,62.5,43.0117035,0.07713747,0.030695226,-0.00114717754,0.0464422442,false
29-05-2016,0,0,0,0,0,0,1.11661029,0,1.11484337,0,1.11838448,0,1.12400782,0,1.12086153,0,1.12819064,0,1.131099,0,1.131099,0,7.811318,-0.00525081158,-0.004012015,5,9,1,4,4,5,5,5,5,4.6,4.1945796,3.66666675,4.078397,4.571429,4.286396,4.6,4.42531157,4.4,4.366034,4.4333334,4.45079231,4.45,4.41491652,4.42465734,4.42465734,44.4444466,36.5156021,-0.0547842979,0.008493053,-0.00123879639,-0.06327735,true
28-05-2016,0,0,0,0,0,0,1.11661029,0,1.11484337,0,1.11838448,0,1.12400782,0,1.12086153,0,1.12819064,0,1.131099,0,1.131099,0,7.811318,-0.00525081158,-0.003686428,1,2,1,4,3,1,1,1,1,4.6,3.79186916,4,3.156793,4.571429,4.04852772,4.6,4.343213,4.3,4.22515249,4.366667,4.41291571,4.45,4.395083,4.41666651,4.41666651,1e-7,33.872654,-0.120549679,0.0365971476,-0.00156438351,-0.157146826,true
27-05-2016,1.11155,1.11155,1.11155,1.11155,0,1.1164695,1.11661029,1.11550009,1.11484337,1.11782169,1.11838448,1.12644339,1.12400782,1.12100494,1.12086153,1.13155329,1.12819064,1.131099,1.131099,1.131099,1.131099,1e-7,7.811318,-0.00525081158,-0.00328698428,5,8,2,8,30,5,5,5,5,5.2,5.18780375,5.66666651,5.313586,4.571429,5.06470346,4.866667,4.820815,4.6,4.941853,4.5333333,4.648289,4.5,4.51017046,4.464789,4.464789,44.4444466,45.16354,0.204535961,0.0606227443,-0.00196382729,0.143913209,true
26-05-2016,1.11935,1.11935,1.11935,1.11935,0,1.11858952,1.11914051,1.11636686,1.11813688,1.11940026,1.12066269,1.12837,1.1257875,1.12292993,1.12293077,1.132168,1.12933826,1.13145447,1.13145447,1.13145447,1.13145447,18.4071941,10.4150906,-0.004578829,-0.00276909932,6,9,2,9,34,6,6,6,6,5.2,5.281706,5.66666651,5.627172,4.714286,5.08627129,4.866667,4.79521751,4.6,4.928931,4.5333333,4.62403345,4.483333,4.493566,4.457143,4.457143,55.5555573,45.4032364,0.209215641,0.0564670041,-0.0018097295,0.152748644,false
25-05-2016,1.1156,1.1156,1.1156,1.1156,0,1.11876953,1.11903572,1.11715019,1.11692381,1.12109315,1.12110019,1.1297667,1.1267072,1.124775,1.12372649,1.1324631,1.13002717,1.13167858,1.13167858,1.13167858,1.13167858,5.13296556,7.75105667,-0.00444877148,-0.00220032525,6,9,3,8,32,6,6,6,6,4.2,4.922559,5,5.254344,4.428571,4.781695,4.733333,4.623106,4.4,4.690916,4.5,4.529139,4.4666667,4.44250059,4.43478251,4.43478251,55.5555573,42.01913,0.110327721,0.06165462,-0.00224844622,0.0486731,false
24-05-2016,1.11414993,1.11414993,1.11414993,1.11414993,0,1.12016952,1.12075353,1.11933339,1.11824751,1.12336457,1.12293363,1.13199663,1.128294,1.127455,1.12553239,1.13282633,1.1310221,1.131982,1.131982,1.131982,1.131982,1e-7,8.623754,-0.003836155,-0.00158392056,5,7,2,6,24,5,5,5,5,4.2,4.383838,4.66666651,4.508688,4.142857,4.375593,4.66666651,4.426407,4.6,4.400008,4.4666667,4.42770052,4.41666651,4.389704,4.41176462,4.41176462,44.4444466,37.50699,-0.0174946785,0.07869223,-0.00225223438,-0.0961869061,true
23-05-2016,1.12169993,1.12169993,1.12169993,1.12169993,0,1.1235795,1.12405527,1.12136686,1.12234521,1.12574315,1.12586153,1.13439,1.13031459,1.12977,1.12806189,1.13328969,1.1321857,1.13232493,1.13232493,1.13232493,1.13232493,4.865589,11.4983377,-0.00285089016,-0.000961528858,4,7,1,9,30,4,4,4,4,4,4.075757,3.33333325,4.01737547,4.142857,4.16745758,4.6,4.34446526,4.6,4.266677,4.4,4.38823175,4.4,4.369016,4.402985,4.402985,33.3333359,35.1945,-0.07856941,0.121920109,-0.0018893613,-0.200489521,true
22-05-2016,0,0,0,0,0,0,1.12523293,0,1.12299061,0,1.12724876,0,1.13154519,0,1.12947571,0,1.13290882,0,1.13253319,0,1.13253319,0,13.7092543,-0.002320528,-0.000448611041,5,9,1,3,4,5,5,5,5,4,4.11363554,4,4.034751,4.142857,4.22327662,4.4666667,4.393675,4.7,4.325938,4.5,4.415006,4.4,4.381525,4.409091,4.409091,44.4444466,35.814888,-0.0535616875,0.141381845,-0.00187191693,-0.194943532,true
21-05-2016,0,0,0,0,0,0,1.12523293,0,1.12299061,0,1.12724876,0,1.13154519,0,1.12947571,0,1.13290882,0,1.13253319,0,1.13253319,0,13.7092543,-0.002320528,0.00000537766346,1,1,1,3,1,1,1,1,1,4,3.67045355,3.66666675,3.0695014,4.571429,3.96436882,4.5333333,4.307057,4.7,4.176147,4.4666667,4.374662,4.4,4.36056,4.4,4.4,1e-7,32.93837,-0.122682095,0.152852535,-0.00232590572,-0.27553463,true
20-05-2016,1.12214983,1.12214983,1.12214983,1.12214983,0,1.12553954,1.12523293,1.12166691,1.12299061,1.128043,1.12724876,1.13646674,1.13154519,1.13142991,1.12947571,1.13394284,1.13290882,1.13253319,1.13253319,1.13253319,1.13253319,5.8277173,13.7092543,-0.002320528,0.0005589591,6,9,2,6,27,6,6,6,6,4.6,5.00568056,4.66666651,5.139003,5.142857,4.95249176,4.66666651,4.779494,5,4.88195753,4.5666666,4.607397,4.4333334,4.47447729,4.453125,4.453125,55.5555573,43.9178276,0.198152542,0.165270016,-0.00287948712,0.0328825265,false
19-05-2016,1.12025,1.12025,1.12025,1.12025,0,1.12726951,1.12677443,1.1246835,1.12383151,1.13093591,1.12894845,1.13797009,1.13288736,1.13326,1.13110363,1.134548,1.13365078,1.13274086,1.13274086,1.13274086,1.13274086,1e-7,16.3364334,-0.001655817,0.0011561712,4,7,1,5,30,4,4,4,4,5,4.508521,4.33333349,4.2780056,5,4.60332251,4.5333333,4.605136,4.9,4.63350344,4.5,4.5113554,4.383333,4.422765,4.428571,4.428571,33.3333359,40.0385857,0.09568071,0.133462742,-0.00281198835,-0.03778203,true
18-05-2016,1.1226,1.1226,1.1226,1.1226,0,1.13077962,1.13003659,1.12843359,1.127413,1.13337159,1.131848,1.13896346,1.13469267,1.13526511,1.1335156,1.13521636,1.134575,1.13299572,1.13299572,1.13299572,1.13299572,1e-7,21.78191,-0.000589847565,0.00167824165,4,8,1,3,19,4,4,4,4,5.2,4.76278162,4.33333349,4.55601168,5.142857,4.80443,4.4666667,4.69158363,4.9,4.774282,4.5,4.54662132,4.4333334,4.43709564,4.435484,4.435484,33.3333359,42.27367,0.167134285,0.113550082,-0.00226808921,0.0535842031,true
17-05-2016,1.1312,1.1312,1.1312,1.1312,0,1.13473964,1.13375485,1.13116682,1.132226,1.13561451,1.13493061,1.13964343,1.13642013,1.13791013,1.13594127,1.13570964,1.13540089,1.13321233,1.13321233,1.13321233,1.13321233,1.81434822,29.0425453,0.0005401373,0.00213301182,5,8,1,2,17,5,5,5,5,5.4,5.144172,5.66666651,5.11202335,5.142857,5.07257366,4.4666667,4.79038143,4.7,4.946345,4.4666667,4.584319,4.45,4.4519124,4.442623,4.442623,44.4444466,45.25378,0.2559042,0.07516948,-0.00159287453,0.180734724,true
16-05-2016,1.1315,1.1315,1.1315,1.1315,0,1.13595963,1.1350323,1.13336682,1.13325191,1.136936,1.13617408,1.13955343,1.1371659,1.13979506,1.13699484,1.13601959,1.13569057,1.13325512,1.13325512,1.13325512,1.13325512,7.173807,38.11861,0.00109887123,0.002510521,4,7,2,4,22,4,4,4,4,5.4,5.21625853,5.66666651,5.22404671,5.142857,5.096765,4.4666667,4.760436,4.8,4.93442154,4.33333349,4.55565166,4.4333334,4.4333334,4.4333334,4.4333334,33.3333359,45.52356,0.263666153,0.0250884965,-0.00141164986,0.238577664,true
15-05-2016,0,0,0,0,0,0,1.1367985,0,1.13500381,0,1.13773215,0,1.13797534,0,1.1382159,0,1.13597953,0,1.13329327,0,1.13329327,0,48.4335442,0.00176537037,0.00282594888,8,10,5,2,2,8,8,8,8,5.4,5.824388,6,6.448093,5.142857,5.462353,4.5333333,4.86907,4.7,5.142071,4.33333349,4.59397268,4.440678,4.440678,4.440678,4.440678,77.77778,49.5869675,0.371556282,-0.00525858672,-0.00106057851,0.376814872,false
14-05-2016,0,0,0,0,0,0,1.1367985,0,1.13500381,0,1.13773215,0,1.13797534,0,1.1382159,0,1.13597953,0,1.13329327,0,1.13329327,0,48.4335442,0.00176537037,0.00306732114,0,0,0,0,0,0,0,0,0,4.8,4.736582,5,4.896186,4.285714,4.616471,4.266667,4.42179441,4.3,4.50697565,4.233333,4.359074,4.37931,4.37931,4.37931,4.37931,44.4444466,40.19003,0.09658623,-0.06654228,-0.00130195078,0.16312851,true
13-05-2016,1.13079989,1.13079989,1.13079989,1.13079989,0,1.13731956,1.1367985,1.13700008,1.13500381,1.138193,1.13773215,1.13923335,1.13797534,1.1419301,1.1382159,1.13631964,1.13597953,1.13329327,1.13329327,1.13329327,1.13329327,15.6785784,48.4335442,0.00176537037,0.00333964825,5,8,2,5,33,5,5,5,5,4.6,4.6048727,4.66666651,4.792372,4.428571,4.488628,4.133333,4.339194,4.1,4.39741468,4.233333,4.31487226,4.368421,4.368421,4.368421,4.368421,44.4444466,38.77189,0.04967451,-0.08722901,-0.00157427788,0.136903524,true
12-05-2016,1.1378,1.1378,1.1378,1.1378,0,1.13924956,1.13979781,1.13916671,1.1392076,1.14080024,1.1400429,1.13867009,1.13900042,1.14332008,1.139864,1.13656628,1.1363368,1.1333487,1.1333487,1.1333487,1.1333487,50.65584,59.3518677,0.002661705,0.00364637375,5,9,1,3,21,5,5,5,5,4,4.407309,4.66666651,4.58474445,4.142857,4.31817055,4.2,4.244793,4,4.263507,4.233333,4.267622,4.357143,4.357143,4.357143,4.357143,44.4444466,36.88104,-0.0109248161,-0.101050988,-0.0009846687,0.09012617,true
11-05-2016,1.14239991,1.14239991,1.14239991,1.14239991,0,1.13974953,1.14079666,1.13933337,1.14061522,1.14255023,1.14079058,1.13807,1.13917184,1.14305508,1.14032257,1.136603,1.13623583,1.13324761,1.13324761,1.13324761,1.13324761,65.7374954,62.2505455,0.00305438042,0.003791107,4,8,1,3,22,4,4,4,4,4.2,4.11096334,4.33333349,4.169489,4,4.09089375,4.2,4.136906,4,4.09984159,4.233333,4.217113,4.34545469,4.34545469,4.34545469,4.34545469,33.3333359,34.3599,-0.08811283,-0.09459678,-0.0007367267,0.00648394972,true
10-05-2016,1.1372999,1.1372999,1.1372999,1.1372999,0,1.14107966,1.139995,1.13868344,1.13883042,1.14404309,1.14025414,1.13725662,1.13871062,1.14209509,1.139861,1.13648987,1.13581073,1.13303483,1.13303483,1.13303483,1.13303483,49.0162354,61.08823,0.003042817,0.0037948424,5,8,1,5,29,5,5,5,5,4,4.16644526,3.66666675,4.338978,3.857143,4.1211915,4.266667,4.156464,4.1,4.12202835,4.233333,4.232086,4.351852,4.351852,4.351852,4.351852,44.4444466,34.7020874,-0.08353329,-0.07366983,-0.0007520253,-0.009863459,true
09-05-2016,1.13830006,1.13830006,1.13830006,1.13830006,0,1.14362955,1.14134252,1.1396836,1.14036107,1.14510036,1.14123893,1.13714659,1.1389122,1.14135015,1.14043009,1.13651216,1.13570809,1.13293326,1.13293326,1.13293326,1.13293326,52.2954521,65.11223,0.00350308418,0.00363891665,4,7,1,5,25,4,4,4,4,3.8,3.74966812,4,3.67795515,3.71428561,3.82825518,4.266667,4.035959,4,3.92692327,4.16666651,4.17912674,4.3396225,4.3396225,4.3396225,4.3396225,33.3333359,31.4546318,-0.178291082,-0.0572009347,-0.000135832466,-0.121090144,true
08-05-2016,0,0,0,0,0,0,1.14286375,0,1.1424222,0,1.14221859,0,1.13899958,0,1.14090347,0,1.1355294,0,1.13280237,0,1.13280237,0,69.38449,0.00393772125,0.00343185,2,4,1,2,3,2,2,2,2,3.6,3.62450218,3.66666675,3.3559103,3.857143,3.77100682,4.2,4.04109573,3.9,3.91068387,4.2,4.19148,4.34615374,4.34615374,4.34615374,4.34615374,11.1111116,30.8283958,-0.1948247,-0.0353485756,0.000505871139,-0.159476116,true
07-05-2016,0,0,0,0,0,0,1.14286375,0,1.1424222,0,1.14221859,0,1.13899958,0,1.14090347,0,1.1355294,0,1.13280237,0,1.13280237,0,69.38449,0.00393772125,0.00317649054,6,10,2,3,4,6,6,6,6,4,4.43675327,4.33333349,4.7118206,4.285714,4.36134243,4.5333333,4.3326807,4.3,4.33528042,4.33333349,4.34261656,4.392157,4.392157,4.392157,4.392157,55.5555573,37.4008255,-0.009457588,-0.006942855,0.0007612307,-0.002514733,false
06-05-2016,1.14045,1.14045,1.14045,1.14045,0,1.14653957,1.14286375,1.1432668,1.1424222,1.14465034,1.14221859,1.13666332,1.13899958,1.14019012,1.14090347,1.136501,1.1355294,1.13280237,1.13280237,1.13280237,1.13280237,59.3443947,69.38449,0.00393772125,0.00280524627,3,6,1,5,30,3,3,3,3,3.8,3.65512967,3.33333325,3.42364073,4,3.81512332,4.4,4.094492,4.2,3.96534276,4.3,4.2283144,4.36,4.36,4.36,4.36,22.2222233,31.3492489,-0.179996967,0.018101057,0.001132475,-0.198098019,true
05-05-2016,1.1403,1.1403,1.1403,1.1403,0,1.14738965,1.14407063,1.14646685,1.14439428,1.14355743,1.14280808,1.13596618,1.1387924,1.13838017,1.1410042,1.136126,1.13519,1.13261116,1.13261116,1.13261116,1.13261116,58.8527031,72.73119,0.00421631336,0.00239317957,4,7,1,3,21,4,4,4,4,4.2,3.98269463,3.66666675,3.84728146,4,4.086831,4.4666667,4.250848,4.4,4.17986345,4.366667,4.313026,4.387755,4.387755,4.387755,4.387755,33.3333359,34.39159,-0.0895943642,0.0498028845,0.00182313379,-0.139397249,true
04-05-2016,1.14905,1.14905,1.14905,1.14905,0,1.14635968,1.14595592,1.15065014,1.14848852,1.14206445,1.14364409,1.13515961,1.138577,1.13723016,1.14116073,1.13545847,1.13483763,1.132414,1.132414,1.132414,1.132414,87.54094,77.35735,0.0045259,0.00192426308,3,7,1,4,27,3,3,3,3,4.2,3.974042,4,3.694563,4.285714,4.115775,4.4666667,4.286683,4.5,4.21983337,4.366667,4.334614,4.39583349,4.39583349,4.39583349,4.39583349,22.2222233,34.7443428,-0.07472324,0.0669153,0.00260163681,-0.141638547,true
03-05-2016,1.15004992,1.15004992,1.15004992,1.15004992,0,1.14310968,1.144409,1.14920008,1.147927,1.13887155,1.14184213,1.13365614,1.13708091,1.13534522,1.13940752,1.13435674,1.13385749,1.13197613,1.13197613,1.13197613,1.13197613,90.8193741,73.96282,0.003964305,0.00142127939,4,7,1,5,33,4,4,4,4,4.2,4.461063,4.66666651,4.389126,4.571429,4.4877,4.5333333,4.470495,4.5,4.490907,4.4,4.42665625,4.425532,4.425532,4.425532,4.425532,33.3333359,38.91838,0.04716301,0.07647053,0.00254302565,-0.0293075219,true
02-05-2016,1.15285,1.15285,1.15285,1.15285,0,1.1390698,1.14158845,1.14423335,1.14580429,1.1349144,1.13910627,1.13218951,1.13522816,1.13390517,1.13704252,1.13322151,1.13274074,1.13148761,1.13148761,1.13148761,1.13148761,100,68.34397,0.00308799744,0.00101676257,5,8,2,8,37,5,5,5,5,4.6,4.691594,4.66666651,4.778251,4.714286,4.65026665,4.4666667,4.53770876,4.8,4.59999752,4.4,4.456081,4.43478251,4.43478251,4.43478251,4.43478251,44.4444466,40.7800636,0.10022974,0.064928,0.00207123486,0.0353017375,true
01-05-2016,0,0,0,0,0,0,1.13595772,0,1.13875854,0,1.134525,0,1.13271081,0,1.13352978,0,1.13135386,0,1.13089418,0,1.13089418,0,57.7919579,0.00163948536,0.000709613145,5,9,1,3,4,5,5,5,5,4.6,4.537391,4,4.55650234,4.714286,4.533689,4.2,4.47166729,4.7,4.511108,4.4333334,4.418569,4.422222,4.422222,4.422222,4.422222,44.4444466,39.5586,0.0646867752,0.0605643056,0.0009298722,0.00412246957,true
30-04-2016,0,0,0,0,0,0,1.13595772,0,1.13875854,0,1.134525,0,1.13271081,0,1.13352978,0,1.13135386,0,1.13089418,0,1.13089418,0,57.7919579,0.00163948536,0.0005634096,4,8,1,3,8,4,4,4,4,4.6,4.30608654,4.33333349,4.11300468,4.428571,4.378252,4.133333,4.396191,4.6,4.40246534,4.4333334,4.37847042,4.409091,4.409091,4.409091,4.409091,33.3333359,37.92999,0.0183801651,0.03148749,0.00107607571,-0.0131073259,true
29-04-2016,1.14469993,1.14469993,1.14469993,1.14469993,0,1.13383973,1.13595772,1.13755,1.13875854,1.13147867,1.134525,1.131419,1.13271081,1.13172507,1.13352978,1.13201964,1.13135386,1.13089418,1.13089418,1.13089418,1.13089418,100,57.7919579,0.00163948536,0.0005119112,3,6,1,4,28,3,3,3,3,4.8,4.45913,4.66666651,4.22600937,4.857143,4.504336,4.2,4.45279,4.6,4.491902,4.4666667,4.404572,4.418605,4.418605,4.418605,4.418605,22.2222233,39.4622078,0.06082678,0.00523002958,0.00112757413,0.05559675,true
28-04-2016,1.13515,1.13515,1.13515,1.13515,0,1.12936962,1.13158655,1.1326,1.13281715,1.12940717,1.13113332,1.13112593,1.13099813,1.13025451,1.13104749,1.13113332,1.13043344,1.13049984,1.13049984,1.13049984,1.13049984,67.5752258,43.72261,0.0005965233,0.000506427546,6,9,2,6,36,6,6,6,6,4.8,5.188695,5.33333349,5.452019,5,5.005781,4.33333349,4.66033125,4.7,4.823436,4.5333333,4.501439,4.452381,4.452381,4.452381,4.452381,55.5555573,45.20887,0.215937614,-0.0283601545,0.00009009574,0.244297773,false
27-04-2016,1.1328,1.1328,1.1328,1.1328,0,1.12809968,1.12980485,1.12978327,1.13048434,1.12947869,1.12979436,1.13146949,1.13040507,1.12955952,1.13013589,1.13070476,1.13010812,1.130363,1.130363,1.130363,1.130363,55.16907,35.7717361,0.000229120255,0.000657147844,5,8,1,5,29,5,5,5,5,5,4.78304243,5,4.90403843,4.714286,4.674375,4.266667,4.46895,4.4,4.561977,4.4666667,4.39809,4.414634,4.414634,4.414634,4.414634,44.4444466,41.75997,0.1053195,-0.08213409,-0.0004280276,0.1874536,true
26-04-2016,1.12985,1.12985,1.12985,1.12985,0,1.12757957,1.12830734,1.12629986,1.1281687,1.12922871,1.12879241,1.13177609,1.13006294,1.1289295,1.1295439,1.13039792,1.12992251,1.13028908,1.13028908,1.13028908,1.13028908,39.59546,29.3059578,-0.00000393390656,0.000835352461,5,8,1,4,28,5,5,5,5,4.8,4.674564,4.33333349,4.80807638,4.571429,4.56583357,4.266667,4.39308548,4,4.46463871,4.4333334,4.356579,4.4,4.4,4.4,4.4,44.4444466,40.8651466,0.06441736,-0.1269482,-0.000839286367,0.191365555,true
25-04-2016,1.12669992,1.12669992,1.12669992,1.12669992,0,1.1287396,1.127536,1.12594986,1.12648737,1.12924933,1.1284399,1.132486,1.13009334,1.12874949,1.12947583,1.13033307,1.12992752,1.13030291,1.13030291,1.13030291,1.13030291,22.96519,25.8761253,-9.536743e-7,0.00107149279,5,8,1,6,29,5,5,5,5,4.6,4.511846,5,4.616153,4.428571,4.42111158,4.2,4.30638361,3.9,4.34566975,4.4333334,4.312205,4.38461542,4.38461542,4.38461542,4.38461542,44.4444466,39.6720467,0.0112738609,-0.15967454,-0.00107244647,0.1709484,true
24-04-2016,0,0,0,0,0,0,1.12795413,0,1.12627482,0,1.12902,0,1.130578,0,1.13009274,0,1.13015008,0,1.13041914,0,1.13041914,0,26.8464375,0.000323653221,0.00135930383,3,5,1,2,2,3,3,3,3,4.4,4.267769,4.66666651,4.232306,4.142857,4.228149,4.0666666,4.20729542,3.9,4.200263,4.366667,4.26477051,4.368421,4.368421,4.368421,4.368421,22.2222233,38.0812454,-0.05671978,-0.153870165,-0.00103565061,0.0971503854,true
23-04-2016,0,0,0,0,0,0,1.12795413,0,1.12627482,0,1.12902,0,1.130578,0,1.13009274,0,1.13015008,0,1.13041914,0,1.13041914,0,26.8464375,0.000323653221,0.00161104731,7,10,4,4,6,7,7,7,7,4.6,4.90165329,5,5.464612,3.857143,4.63753176,4.2,4.379766,4.1,4.466988,4.4,4.351996,4.40540552,4.40540552,4.40540552,4.40540552,66.66667,43.3675842,0.0609564781,-0.13291046,-0.00128739409,0.193866938,false
22-04-2016,1.12234986,1.12234986,1.12234986,1.12234986,0,1.1296097,1.12795413,1.12711656,1.12627482,1.12946355,1.12902,1.1334058,1.130578,1.13020873,1.13009274,1.13037312,1.13015008,1.13041914,1.13041914,1.13041914,1.13041914,1e-7,26.8464375,0.000323653221,0.00195244944,4,7,1,5,34,4,4,4,4,3.8,3.85247946,4,3.92922354,3.42857146,3.85004234,4.133333,4.005447,3.9,3.9040966,4.3,4.169375,4.33333349,4.33333349,4.33333349,4.33333349,37.5,35.601223,-0.197004557,-0.12685129,-0.00162879622,-0.0701532662,true
21-04-2016,1.12879992,1.12879992,1.12879992,1.12879992,0,1.13113868,1.13075626,1.13154984,1.13019991,1.1300565,1.13124335,1.13446248,1.13175356,1.132004,1.13181341,1.13068807,1.13068807,1.13068807,1.13068807,1.13068807,1.13068807,15.5484629,35.79525,0.00117599964,0.002426982,4,7,1,7,44,4,4,4,4,3.2,3.77871919,4,3.858447,3.57142854,3.80005646,4.2,4.006225,4,3.88278484,4.33333349,4.181056,4.34285736,4.34285736,4.34285736,4.34285736,37.5,34.9682961,-0.217937,-0.09464627,-0.00125098228,-0.123290725,true
20-04-2016,1.13019991,1.13019991,1.13019991,1.13019991,0,1.13101876,1.13173449,1.1322999,1.1315999,1.12994933,1.13205779,1.13513589,1.13217556,1.13315427,1.13248312,1.13075328,1.13075328,1.13075328,1.13075328,1.13075328,1.13075328,25.0130959,42.544178,0.00159013271,0.002942496,4,7,1,10,56,4,4,4,4,3.2,3.66807866,3.66666675,3.716894,3.71428561,3.73340845,4.266667,4.00711441,4,3.856737,4.3,4.19354248,4.352941,4.352941,4.352941,4.352941,37.5,34.1243935,-0.24148488,-0.0634774342,-0.00135236327,-0.178007454,true
19-04-2016,1.13564992,1.13564992,1.13564992,1.13564992,0,1.13027883,1.13250172,1.13223147,1.1329999,1.13153386,1.13267708,1.13572288,1.13245785,1.13387418,1.13299048,1.130773,1.130773,1.130773,1.130773,1.130773,1.130773,61.8577881,48.38787,0.00195300579,0.003376166,4,7,1,6,26,4,4,4,4,3.4,3.50211787,2.66666675,3.43378782,3.857143,3.6445446,4.266667,4.008131,3.9,3.82490063,4.266667,4.20689,4.36363649,4.36363649,4.36363649,4.36363649,37.5,32.99919,-0.268027782,-0.0363066979,-0.00142316031,-0.231721088,true
18-04-2016,1.13105,1.13105,1.13105,1.13105,0,1.12875879,1.13092768,1.12974823,1.13034987,1.13219857,1.13168609,1.13587737,1.13200188,1.134359,1.13239956,1.13059223,1.13059223,1.13059223,1.13059223,1.13059223,1.13059223,30.7600555,43.8978958,0.001832962,0.003737198,3,7,1,8,28,3,3,3,3,3.6,3.253177,2.66666675,2.86757565,4,3.52605963,4.266667,4.0092926,4,3.78598952,4.366667,4.2211585,4.375,4.375,4.375,4.375,25,31.4989243,-0.2980075,0.001349661,-0.00190423592,-0.299357146,true
17-04-2016,1.12999463,1.12999463,1.12999463,1.12999463,0,1.13080716,1.13086653,1.12823141,1.12964976,1.13352036,1.13189816,1.13633859,1.13213789,1.13530374,1.13269949,1.1305747,1.1305747,1.1305747,1.1305747,1.1305747,1.1305747,23.6253166,48.2771759,0.00212132931,0.004069196,1,2,1,3,3,1,1,1,1,4,3.37976551,3.33333325,2.73515129,4.142857,3.701413,4.33333349,4.153477,4.3,3.96065378,4.4333334,4.30537653,4.419355,4.419355,4.419355,4.419355,1e-7,33.6652336,-0.2301197,0.06682566,-0.00194786675,-0.296945363,true
16-04-2016,0,0,0,0,0,0,1.13130248,0,1.12930489,0,1.1325326,0,1.132444,0,1.13330054,0,1.13059783,0,1.13059783,0,1.13059783,0,56.49446,0.002589345,0.00436915271,4,8,1,3,4,4,4,4,4,4.8,4.56964827,4.66666651,4.47030258,4.428571,4.601884,4.66666651,4.603974,4.7,4.618577,4.5333333,4.5333333,4.5333333,4.5333333,4.5333333,4.5333333,37.5,44.88698,0.06351328,0.124055333,-0.00177980773,-0.0605420545,true
15-04-2016,1.12819993,1.12819993,1.12819993,1.12819993,0,1.13286889,1.13130248,1.12758315,1.12930489,1.134578,1.1325326,1.13628578,1.132444,1.13612437,1.13330054,1.13059783,1.13059783,1.13059783,1.13059783,1.13059783,1.13059783,11.4923077,56.49446,0.002589345,0.004603558,5,9,1,4,19,5,5,5,5,4.8,4.854472,5,4.94060564,4.571429,4.802512,4.733333,4.69025564,4.8,4.75603867,4.551724,4.551724,4.551724,4.551724,4.551724,4.551724,50,47.3493042,0.131917477,0.132726878,-0.00201421324,-0.0008094013,true
14-04-2016,1.1265,1.1265,1.1265,1.1265,0,1.13528943,1.13285375,1.13194716,1.13040972,1.13633478,1.13397682,1.13575733,1.13305032,1.1371944,1.134434,1.13069773,1.13069773,1.13069773,1.13069773,1.13069773,1.13069773,29.6278439,71.49518,0.00339627266,0.00477642473,5,8,2,5,21,5,5,5,5,4.4,4.78170824,5,4.88121128,4.714286,4.736683,4.733333,4.64600658,4.7,4.701825,4.535714,4.535714,4.535714,4.535714,4.535714,4.535714,50,46.4657364,0.115489006,0.128985777,-0.00138015207,-0.0134967715,true
13-04-2016,1.12805,1.12805,1.12805,1.12805,0,1.13746893,1.13603055,1.13654816,1.13431954,1.13833451,1.13646913,1.13505709,1.13398612,1.13844466,1.13619709,1.13088024,1.13088024,1.13088024,1.13088024,1.13088024,1.13088024,47.6504669,85.45096,0.004594445,0.0047826767,5,8,1,5,21,5,5,5,5,4.4,4.672562,4.66666651,4.76242256,4.714286,4.64891052,4.733333,4.595436,4.6,4.635564,4.51851845,4.51851845,4.51851845,4.51851845,4.51851845,4.51851845,50,45.28765,0.09284067,0.121160083,-0.000188231468,-0.028319411,true
12-04-2016,1.14129186,1.14129186,1.14129186,1.14129186,0,1.13995862,1.14002085,1.14063251,1.140589,1.13978457,1.13927555,1.13425338,1.13483417,1.13943648,1.13800752,1.131009,1.131009,1.131009,1.131009,1.131009,1.131009,100,98.05112,0.005815625,0.00459018024,5,8,2,7,31,5,5,5,5,4.6,4.50884342,4,4.524845,4.714286,4.53188038,4.66666651,4.537641,4.5,4.554578,4.5,4.5,4.5,4.5,4.5,4.5,50,43.7168655,0.06258249,0.12266811,0.001225445,-0.060085617,true
11-04-2016,1.1403029,1.1403029,1.1403029,1.1403029,0,1.13979983,1.13938534,1.13933456,1.13988626,1.1394428,1.13860345,1.13262022,1.13391161,1.139104,1.13727772,1.13051927,1.13051927,1.13051927,1.13051927,1.13051927,1.13051927,99.20402,97.40149,0.005493164,0.004172789,4,8,1,10,35,4,4,4,4,4.6,4.263265,4,4.04969072,4.571429,4.37584,4.6,4.47158957,4.6,4.455595,4.48,4.48,4.48,4.48,4.48,4.48,37.5,41.62249,0.00305175781,0.135761738,0.00132037513,-0.13270998,true
10-04-2016,1.1403029,1.1403029,1.1403029,1.1403029,0,1.13937926,1.13892663,1.13939953,1.13946962,1.13925731,1.138037,1.13114035,1.13299859,1.137994,1.1366055,1.13003,1.13003,1.13003,1.13003,1.13003,1.13003,99.20402,97.10107,0.0052022934,0.00368192466,3,5,1,3,2,3,3,3,3,4.8,4.394898,4.66666651,4.09938145,4.571429,4.50112,4.66666651,4.5389595,4.7,4.55683851,4.5,4.5,4.5,4.5,4.5,4.5,25,42.99665,0.07087946,0.165353715,0.00152036874,-0.094474256,true
09-04-2016,0,0,0,0,0,0,1.13823855,0,1.13863635,0,1.13728166,0,1.13195515,0,1.13578391,0,1.12948942,0,1.12948942,0,1.12948942,0,96.68047,0.004820943,0.00322337938,5,8,2,3,4,5,5,5,5,5,5.092347,5.33333349,5.19876337,4.714286,5.00149345,4.66666651,4.758811,4.9,4.90280247,4.56521749,4.56521749,4.56521749,4.56521749,4.56521749,4.56521749,50,48.9955368,0.291276455,0.173659384,0.0015975635,0.117617071,true
08-04-2016,1.13739765,1.13739765,1.13739765,1.13739765,0,1.13909876,1.13823855,1.1394645,1.13863635,1.13892365,1.13728166,1.12993991,1.13195515,1.1359911,1.13578391,1.12948942,1.12948942,1.12948942,1.12948942,1.12948942,1.12948942,87.3464355,96.68047,0.004820943,0.003023684,6,9,3,3,19,6,6,6,6,4.8,5.13852072,5.33333349,5.39752674,4.857143,5.00199127,4.6,4.724355,4.9,4.881203,4.5454545,4.5454545,4.5454545,4.5454545,4.5454545,4.5454545,62.5,48.6607132,0.2849474,0.153059214,0.00179725885,0.131888181,false
07-04-2016,1.14049792,1.14049792,1.14049792,1.14049792,0,1.13941991,1.138659,1.139732,1.13987494,1.139005,1.137243,1.12901986,1.13117766,1.13385093,1.13542533,1.12905,1.12905,1.12905,1.12905,1.12905,1.12905,100,99.0139847,0.004698992,0.00276693283,5,8,1,3,20,5,5,5,5,4.4,4.70778131,4.66666651,4.795053,4.714286,4.669322,4.4666667,4.54212046,4.7,4.63258171,4.47619057,4.47619057,4.47619057,4.47619057,4.47619057,4.47619057,50,44.04762,0.141557217,0.12780863,0.001932059,0.0137485862,true
06-04-2016,1.14049792,1.14049792,1.14049792,1.14049792,0,1.13891375,1.13773954,1.1391995,1.13925183,1.13739145,1.13615811,1.12818015,1.12984622,1.13140082,1.13429809,1.12837672,1.12837672,1.12837672,1.12837672,1.12837672,1.12837672,100,98.68531,0.00414514542,0.002444923,5,8,1,5,26,5,5,5,5,4.6,4.56167173,4.33333349,4.590106,4.714286,4.55909634,4.4666667,4.476709,4.6,4.55093336,4.45,4.45,4.45,4.45,4.45,4.45,50,43.0555573,0.09824753,0.12609005,0.00170022249,-0.0278425217,true
05-04-2016,1.13820028,1.13820028,1.13820028,1.13820028,0,1.13840759,1.13636029,1.13870156,1.13800573,1.13450217,1.1347115,1.12734056,1.12832451,1.12903047,1.13292038,1.12761915,1.12761915,1.12761915,1.12761915,1.12761915,1.12761915,96.5067139,98.02797,0.00345253944,0.00210487843,4,7,1,4,23,4,4,4,4,4.6,4.34250736,4,4.18021154,4.714286,4.41212845,4.33333349,4.401953,4.6,4.451141,4.42105246,4.42105246,4.42105246,4.42105246,4.42105246,4.42105246,37.5,41.6666679,0.0450577736,0.130067557,0.001347661,-0.08500978,true
04-04-2016,1.13890028,1.13890028,1.13890028,1.13890028,0,1.13660824,1.13544023,1.13862383,1.13781106,1.13133025,1.1335485,1.12691367,1.12691367,1.12702084,1.131747,1.12691367,1.12691367,1.12691367,1.12691367,1.12691367,1.12691367,99.5492249,99.5492249,0.00286197662,0.00176796317,4,7,1,6,28,4,4,4,4,4.8,4.513761,4.66666651,4.360423,4.714286,4.54950428,4.266667,4.459375,4.5,4.55139446,4.44444466,4.44444466,4.44444466,4.44444466,4.44444466,4.44444466,37.5,42.7083359,0.106412888,0.144235849,0.00109401345,-0.03782296,true
03-04-2016,1.139004,1.139004,1.139004,1.139004,0,1.13288271,1.13371027,1.1383127,1.13672185,1.12805831,1.13176465,1.12605751,1.12605751,1.12536049,1.13015735,1.12605751,1.12605751,1.12605751,1.12605751,1.12605751,1.12605751,0,0,0.002059102,0.00140329206,4,4,4,2,1,4,4,4,4,5,4.77064133,5,4.7208457,4.714286,4.732672,4.4666667,4.525,4.5,4.673927,4.470588,4.470588,4.470588,4.470588,4.470588,4.470588,33.3333359,44.4444466,0.180425167,0.151800439,0.00065581,0.0286247283,true
02-04-2016,0,0,0,0,0,0,1.13106334,0,1.13443971,0,1.1293515,0,1.12506175,0,1.12819147,0,1.12506175,0,1.12506175,0,1.12506175,0,0,0.001075387,0.001075387,6,6,6,2,1,6,6,6,6,5,5.155962,5.33333349,5.4416914,4.857143,4.97689629,4.5333333,4.6,4.5,4.82368851,4.5,4.5,4.5,4.5,4.5,4.5,55.5555573,50,0.269379616,0.14464426,0,0.124735355,false
01-04-2016,1.13796711,1.13796711,1.13796711,1.13796711,0,1.12828135,1.13106334,1.13504589,1.13443971,1.12488544,1.1293515,1.12506175,1.12506175,1.12381959,1.12819147,1.12506175,1.12506175,1.12506175,1.12506175,1.12506175,1.12506175,0,0,0.001075387,0.001075387,5,9,2,5,26,5,5,5,5,4.6,4.733943,5,4.88338232,4.428571,4.635862,4.4,4.4,4.4,4.562286,4.4,4.4,4.4,4.4,4.4,4.4,44.4444466,44.4444466,0.14563036,0.103065811,0,0.04256455,true
31-03-2016,1.13796711,1.13796711,1.13796711,1.13796711,0,1.1238873,1.12761152,1.12914765,1.1309123,1.12204814,1.12647963,1.12398624,1.12398624,1.12281334,1.12601912,1.12398624,1.12398624,1.12398624,1.12398624,1.12398624,1.12398624,0,0,0,0,5,8,1,8,41,5,5,5,5,4.6,4.60091448,4.66666651,4.76676464,4.285714,4.5144825,4.357143,4.357143,4.2,4.46501637,4.357143,4.357143,4.357143,4.357143,4.357143,4.357143,0,0,0.105875015,0.08178353,0,0.0240914822,true
30-03-2016,1.12920344,1.12920344,1.12920344,1.12920344,0,1.11965275,1.12243378,1.12182426,1.12385738,1.11980951,1.12265038,1.12271523,1.12271523,1.121807,1.123364,1.12271523,1.12271523,1.12271523,1.12271523,1.12271523,1.12271523,0,0,0,0,5,8,2,7,40,5,5,5,5,4.2,4.40137148,4.33333349,4.533529,4.142857,4.35264349,4.30769253,4.30769253,4,4.346131,4.30769253,4.30769253,4.30769253,4.30769253,4.30769253,4.30769253,0,0,0.05769205,0.05769205,0,0,true
29-03-2016,1.1202724,1.1202724,1.1202724,1.1202724,0,1.11743319,1.119049,1.1174221,1.11851132,1.1190083,1.120466,1.12206638,1.12206638,1.12206638,1.12206638,1.12206638,1.12206638,1.12206638,1.12206638,1.12206638,1.12206638,0,0,0,0,4,7,1,5,29,4,4,4,4,4,4.10205746,4.33333349,4.06705761,4.142857,4.136858,4.25,4.25,4.2,4.20082664,4.25,4.25,4.25,4.25,4.25,4.25,0,0,0,0,0,0,true
28-03-2016,1.11599672,1.11599672,1.11599672,1.11599672,0,1.117838,1.11843729,1.11626279,1.11675024,1.12009859,1.12053061,1.1222657,1.1222657,1.1222657,1.1222657,1.1222657,1.1222657,1.1222657,1.1222657,1.1222657,1.1222657,0,0,0,0,4,7,1,4,16,4,4,4,4,4,4.153086,4,4.13411474,4,4.18247747,4.27272749,4.27272749,4.3,4.245455,4.27272749,4.27272749,4.27272749,4.27272749,4.27272749,4.27272749,0,0,0,0,0,0,true
27-03-2016,1.11599672,1.11599672,1.11599672,1.11599672,0,1.11935771,1.11965764,1.11696565,1.11750364,1.12179971,1.122042,1.12304938,1.12304938,1.12304938,1.12304938,1.12304938,1.12304938,1.12304938,1.12304938,1.12304938,1.12304938,0,0,0,0,5,9,1,1,2,5,5,5,5,4.2,4.22962952,4,4.26822948,3.857143,4.2433033,4.3,4.3,4.3,4.3,4.3,4.3,4.3,4.3,4.3,4.3,0,0,0,0,0,0,true
26-03-2016,0,0,0,0,0,0,1.12148809,0,1.11901045,0,1.12405694,0,1.12405694,0,1.12405694,0,1.12405694,0,1.12405694,0,1.12405694,0,0,0,0,3,5,1,1,3,3,3,3,3,3.8,3.84444451,3.66666675,3.53645849,4.142857,3.99107122,4.22222233,4.22222233,4.22222233,4.22222233,4.22222233,4.22222233,4.22222233,4.22222233,4.22222233,4.22222233,0,0,0,0,0,0,true
25-03-2016,1.11679435,1.11679435,1.11679435,1.11679435,0,1.12173915,1.12148809,1.11906564,1.11901045,1.12405694,1.12405694,1.12405694,1.12405694,1.12405694,1.12405694,1.12405694,1.12405694,1.12405694,1.12405694,1.12405694,1.12405694,0,0,0,0,4,7,1,2,12,4,4,4,4,3.8,4.266667,4.33333349,4.072917,4.428571,4.3214283,4.375,4.375,4.375,4.375,4.375,4.375,4.375,4.375,4.375,4.375,0,0,0,0,0,0,true
24-03-2016,1.11810541,1.11810541,1.11810541,1.11810541,0,1.12396121,1.123835,1.12133265,1.12122655,1.12526739,1.12526739,1.12526739,1.12526739,1.12526739,1.12526739,1.12526739,1.12526739,1.12526739,1.12526739,1.12526739,1.12526739,0,0,0,0,4,8,1,5,27,4,4,4,4,4.4,4.4,4,4.14583349,4.428571,4.428571,4.428571,4.428571,4.428571,4.428571,4.428571,4.428571,4.428571,4.428571,4.428571,4.428571,0,0,0,0,0,0,true
23-03-2016,1.12229669,1.12229669,1.12229669,1.12229669,0,1.12669969,1.12669969,1.124599,1.12434769,1.12669969,1.12669969,1.12669969,1.12669969,1.12669969,1.12669969,1.12669969,1.12669969,1.12669969,1.12669969,1.12669969,1.12669969,0,0,0,0,5,8,2,3,20,5,5,5,5,4.6,4.6,3.66666675,4.291667,4.5,4.5,4.5,4.5,4.5,4.5,4.5,4.5,4.5,4.5,4.5,4.5,0,0,0,0,0,0,true
22-03-2016,1.12359548,1.12359548,1.12359548,1.12359548,0,1.12780046,1.12780046,1.12646806,1.1263988,1.12780046,1.12780046,1.12780046,1.12780046,1.12780046,1.12780046,1.12780046,1.12780046,1.12780046,1.12780046,1.12780046,1.12780046,0,0,0,0,3,7,1,3,20,3,3,3,3,4.4,4.4,4.33333349,3.58333349,4.4,4.4,4.4,4.4,4.4,4.4,4.4,4.4,4.4,4.4,4.4,4.4,0,0,0,0,0,0,true
21-03-2016,1.1279043,1.1279043,1.1279043,1.1279043,0,1.12920225,1.12920225,1.12920225,1.12920225,1.12920225,1.12920225,1.12920225,1.12920225,1.12920225,1.12920225,1.12920225,1.12920225,1.12920225,1.12920225,1.12920225,1.12920225,0,0,0,0,3,6,1,7,28,3,3,3,3,4.75,4.75,5,4.166667,4.75,4.75,4.75,4.75,4.75,4.75,4.75,4.75,4.75,4.75,4.75,4.75,0,0,0,0,0,0,true
20-03-2016,1.1279043,1.1279043,1.1279043,1.1279043,0,1.1298511,1.1298511,1.1298511,1.1298511,1.1298511,1.1298511,1.1298511,1.1298511,1.1298511,1.1298511,1.1298511,1.1298511,1.1298511,1.1298511,1.1298511,1.1298511,0,0,0,0,7,10,3,2,2,7,7,7,7,5.33333349,5.33333349,5.33333349,5.33333349,5.33333349,5.33333349,5.33333349,5.33333349,5.33333349,5.33333349,5.33333349,5.33333349,5.33333349,5.33333349,5.33333349,5.33333349,0,0,0,0,0,0,false
19-03-2016,0,0,0,0,0,0,1.13179791,0,1.13179791,0,1.13179791,0,1.13179791,0,1.13179791,0,1.13179791,0,1.13179791,0,1.13179791,0,0,0,0,5,9,1,3,9,5,5,5,5,4.5,4.5,4.5,4.5,4.5,4.5,4.5,4.5,4.5,4.5,4.5,4.5,4.5,4.5,4.5,4.5,0,0,0,0,0,0,true
18-03-2016,1.13179791,1.13179791,1.13179791,1.13179791,0,1.13179791,1.13179791,1.13179791,1.13179791,1.13179791,1.13179791,1.13179791,1.13179791,1.13179791,1.13179791,1.13179791,1.13179791,1.13179791,1.13179791,1.13179791,1.13179791,0,0,0,0,4,6,1,2,14,4,4,4,4,4,4,4,4,4,4,4,4,4,4,4,4,4,4,4,4,0,0,0,0,0,0,true
